Rank;Name;Central Mechanisms;Turn Order;Game End Condition;Duration;Theme;Player Amount;Cooperative;Complexity;Interactivity;Relative Rating;Change Rel. Rating;Rank Count;BGG Rating;My Rating;Author(s);Year Of Release;Similar Games;Played With;Play Count;Game Material
1;Trickerion: Legends of Illusion;0;0;0;0;0;0;;0;0;10.0;0;1;0;0;0;0;0;0;0;0
3;Dune: Imperium;card play conflict resolution/deck, bag and pool building/delayed purchase/force commitment/increase value of unchosen resources/multi-use cards/open drafting/tags/take that/variable player powers/worker placement;progressive;race/fixed turns;120;sciencefiction;2-4 (4);;4;3;9.97;-0.0;16;8.4;10;Paul Dennen;2020;;uni game night;3;board/cards/meeple resources
2;Barrage;action retrieval/contracts/income/network and route building/ownership/variable player powers/variable set-up/worker placement;stat based;fixed turns;120;industry/alternativehistory;1-4 (4);;4;4;9.95;0.0;16;8.2;10;Tommaso Battista/Simone Luciano;2019;;bga;20;board/player boards/meeple/resources
5;Brass: Birmingham;hand management/income/loans/market/network and route building/tags/tech tracks/variable set-up;stat based;running out;120;industrialization;2-4 (4);;4;4;9.94;-0.0;16;8.6;10;Martin Wallace/Matt Tolman/Gavan Brown;2018;;Thomas;1;board/cards/own tiles/resources
18;Darwin's Journey;contracts/different workers/ownership/point to point movement/set collection/variable set-up/worker placement;claim;fixed turns;90;adventure/victorianage/biology;1-4 (4);;4;2;9.92;-0.02;13;8.2;10;Simone Luciano/Nestore Mangone;2023;;Jannis;2;board/player boards,meeple/currency
4;The White Castle;action drafting/dice drafting/dice workers/multi-use cards/open drafting/variable set-up/worker placement;stat based;fixed turns;80;medieval/Japan;1-4 (3);;3;2;9.92;0.0;8;8;10;Isra C./Shei S.;2023;;own;10;0
7;Pax Pamir: Second Edition;action points/area majority/area movement/auction/bribery/increase value of unchosen resources/negotiation/open drafting/score and reset/simulation/tableau building/tags/take that;strict clockwise;condition/fixed turns;120;Afganistan;1-5 (4);;5;4;9.81;0.01;10;8.2;10;Cole Wehrle;2019;;bga;2;0
20;Alchemists;action drafting/action queue/constrained bidding/deduction/end game boni/events/hand management/open drafting/worker placement;progressive;fixed turns;120;alchemy;2-4 (4);;4;3;9.8;-0.01;9;7.6;9;Matus Kotry;2014;;Jannis;1;0
15;Anachrony;contracts/different workers/end game boni/variable player powers/tableau building/worker placement;claim;condition/fixed turns;90;sciencefiction;1-4 (3);;4;3;9.8;-0.0;9;8.1;9;David Turczi/Richard Amann/Viktor Peter;2017;;bga;5;0
13;Grand Austria Hotel;action drafting/contracts/dice drafting/end game boni/hand management/set collection/variable set-up;progressive;fixed turns;60;hotel;2-4 (2);;4;2;9.79;0.0;9;8;9;Virginio Gigli/Simone Luciani;2015;;Jannis;1;0
17;Clank!: A Deck-Building Adventure;action points/deck, bag and pool building/delayed purchase/end game boni/open drafting/player elimination/point to point movement/push your luck/variable set-up;strict clockwise;race/player elimination;45;fantasy;2-4 (3);;2;2;9.78;-0.0;10;7.8;9;Paul Dennen;2016;;Felix;1;0
10;War of the Ring;action drafting/area majority/area movement/card play conflict resolution/events/hand management/movement points/variable set-up;fixed;condition;150;Lord of the Rings;2;;4;4;9.74;0.01;8;8.5;9;Roberto Di Meglio/Marco Maggi/Francesco Nepitello;2011;;Jannis;1;
29;Concordia;action retrieval/advantage token/auction/deck, bag and pool building/end game boni/hand management/hidden victory points/investment/movement points/network and route building/open drafting/point to point movement/set collection/variable set-up;strict clockwise;running out;100;ancient Romans;2-5 (4);;3;2;9.71;-0.09;3;8.1;10;Mac Gerdts;2013;;Jannis/bga;5;0
39;Blood Rage;action points/area majority/area movement/card play conflict resolution/closed drafting/hand management/map reduction/memory/simultaneous action selection/take that;progressive;fixed turns;90;fantasy/alternativehistory;2-4 (4);;4;4;9.7;-0.02;16;7.9;9;Eric M. Lang;2015;;bga;6;board/player boards/miniatures/cards
31;Lost Ruins of Arnak;deck, bag and pool building/contracts/multi-use cards/once per game abilities/open drafting/resource to move/worker placement;progressive;fixed turns;120;adventure;1-4 (3);;3;2;9.7;-0.01;16;8.1;9;Min/Elwen;2020;;Thomas;7;board/player boards/meeple/cards/resources
8;Agricola;advantage token/automatic resource growth/closed drafting/enclosure/hand management/increase value of unchosen resources/tableau building/tile placement/variable player powers/worker placement;claim;fixed turns;120;farming;1-5 (4);;4;2;9.69;0.01;16;7.9;9;Uwe Rosenberg;2007;Caverna;uni game night;14;board/player boards/meeple/tiles/cards
22;Everdell;contracts/deck, bag and pool building/end game boni/hand management/income/open drafting/ownership/set collection/tableau building/tags/variable set-up/worker placement;strict clockwise;fixed turns;75;fantasy;1-4 (4);;3;2;9.66;-0.0;16;8;9;James A. Wilson;2018;;Thomas;4;board/cards/meeple/resources
23;Revive;deck, bag and pool building/hex grid/map addition/network and route building/open drafting/scenario/tech tracks/variable player powers;strict clockwise;running out;90;sciencefiction;1-4 (3);;3;2;9.66;-0.0;8;8.1;9;Helge Meissner/Kristian Amundsen Ostby/Eilif Svensson/Anna Wermlund;2022;;Jannis;10;0
12;Tzolk'in: The Mayan Calendar;bias/end game boni/worker placement;claim;fixed turns;90;medieval/southamerice;2-4 (4);;4;3;9.66;0.01;16;7.9;9;Simone Luciano/Daniele Tascini;2012;;bga;12;board/meeple/tiles
6;The Castles of Burgundy;delayed purchase/end game boni/grid coverage/hex grid/open drafting/pattern building/tile placement/tableau building/variable set-up;stat based;fixed turns;30;medieval;2-4 (2);;3;2;9.66;0.02;16;8.1;9;Stefan Feld;2011;;bga;100;board/player boards/dice/common tiles
9;The Taverns of Tiefenthal;deck, bag and pool building/dice drafting/dice workers/worker placement/open drafting;progressive;fixed turns;60;medieval;2-4 (3);;3;1;9.64;0.02;10;7.6;9;Wolfgang Warsch;2019;;Jannis;1;0
32;Praga Caput Regni;action drafting/area majority/enclosure/hex grid/income/three dimensional movement/tile placement/track movement/variable set-up;progressive;fixed turns;90;medieval/prague;1-4 (3);;4;2;9.62;-0.03;6;7.9;9;Vladimir Suchy;2020;;bga;5;
16;The Red Cathedral;area majority/contracts/end game boni/rondel/tableau building/victory points as a resource;strict clockwise;completion;80;medieval/Russia;1-4 (3);;3;3;9.61;0.02;8;7.7;9;Isra C./Shei S.;2020;;Jannis;1;
14;Nippon;area majority/contracts/different workers/end game boni/income/open drafting/variable set-up/worker placement;strict clockwise;;120;Japan/industrialization;2-4 (4);;4;4;9.6;0.09;3;7.6;9;Nuno Bizarro Sentieiro/Paulo Soledade;2015;;bga;5;0
21;Architects of the West Kingdom;contracts/open drafting/tags/variable player powers/worker placement;strict clockwise;race;75;medieval;1-4 (4);;4;3;9.52;0.01;16;7.7;8;S. J. MacDonald/Shem Philips;2018;;bga;2;board/player boards/meeple/resources/cards
24;Abroad;area majority/end game boni/hand management/income/tags;strict clockwise;;90;travelling;1-5 (4);;3;3;9.51;0.05;3;7.9;8;Rodrigo Rego/Danilo Valente;2025;;Jannis;1;
19;Clans of Caledonia;commodity speculation/contracts/income/market/modular board/network and route building/variable player powers;pass order;fixed turns;120;scotland;1-4 (4);;4;2;9.48;0.01;16;7.9;8;Juma Al JouJou;2017;;bga;7;board/player boards/meeple/resources
28;Coimbra;action drafting/auction/dice drafting/dice workers/end game boni/income/open drafting/point to point movement/set collection/tech trees/variable set-up/worker placement;stat based;fixed turns;90;Portugal/trade;2-4 (3);;3;3;9.48;0.02;4;7.6;8;Flaminia Brasini/Virginio Gigli;2018;;Jannis;1;
49;Marco Polo II: In the Service of the Khan;contracts/dice workers/point to point movement/resource to move/variable player powers/worker placement;stat based;fixed turns;90;marco polo/trade;2-4 (3);;3;2;9.46;-0.05;6;7.9;8;Simone Luciano/Daniele Tascini;2019;;bga;5;0
26;Galactic Cruise;action points/connections/different workers/end game boni/hand management/income/market/modular board/multi-use cards/open drafting/set collection/track movement/variable set-up/victory points as a resource/worker placement;strict clockwise;condition;120;space/cruises;1-4 (3);;4;2;9.46;0.13;2;8.3;8;T.K. King/Dennis Northcott/Koltin Thompson;2025;;bga;8;
33;Village;0;0;0;0;0;0;0;0;0;9.46;0;1;0;0;0;0;0;0;0;0
34;Spirit Island;action retrieval/area majority/automatic resource growth/deck, bag and pool building/hand management/modular board/scenario/simultaneous action selection/tags/variable player powers/variable set-up;simultaneous;condition;90;fantasy;1-4 (2);C;5;4;9.44;0.0;16;8.3;8;Eric Reuss;2017;;Thomas;1;variable board/player boards/cards/meeple/currency
25;Middle-Earth Strategy Battle Game: Rules Manual;line of sight/measurement movement/once per game abilities/scenario/three dimensional movement/variable player powers/variable set up;stat based;condition;240;Lord of the Rings;2;;3;4;9.44;0.16;2;8.6;8;Games Workshop;2024;;Florian/Christoph;50;
48;Frostgrave;action points/line of sight/measurement movement/role playing/variable player powers;initiative;condition;90;fantasy/magic;2-5 (8);(T);3;4;9.43;-0.06;5;8.1;8;Joseph McCullough;2015;;own;1;0
38;Brazil: Imperial;card play conflict resolution/contracts/grid movement/hex grid/modular board/once per game abilities/open drafting/tile placement/variable player powers/4X;strict clockwise;condition;100;brazil/colonization;1-4 (4);;3;4;9.42;-0.0;9;7.6;8;Ze Mendes;2021;;Jannis;1;
35;Viticulture;contracts/hand management/income/worker placement;auction;race;90;farming;2-6 (3);;3;3;9.4;0.0;16;7.5;8;Jamey Stegmaier/Alan Store;2015;;bga;4;board/player boards/tiles/meeple
50;A Feast for Odin;automatic resource growth/grid coverage/income/push your luck/tableau building/tile placement/worker placement;pass order;fixed turns;150;vikings;1-4 (2);;5;2;9.38;-0.02;11;8.2;8;Uwe Rosenberg;2016;;bga;2;
41;Recall;0;0;0;0;0;0;0;0;0;9.33;0;1;0;0;0;0;0;0;0;0
51;La Granja;area majority/automatic resource growth/contracts/dice drafting/hand management/hidden victory points/income/market/multi-use-cards/open drafting/simultaneous action selection/tableau building/variable player powers/victory points as a resource;stat based;fixed rounds;90;farming;1-4 (3);;4;2;9.3;-0.03;5;7.6;8;Michael Keller/Andreas Odendahl;2014;;bga;5;
43;Emberleaf;0;0;0;0;0;0;0;0;0;9.3;0;1;0;0;0;0;0;0;0;0
47;Scythe;area majority/card play conflict resolution/contracts/end game boni/force commitment/grid movement/hex grid/king of the hill/movement points/tableau building/take that/tech tracks/variable player powers/variable set-up/victory points as a resource/zone of control;strict clockwise;condition;90;alternative history;1-5 (5);;3;4;9.28;-0.0;16;8.1;8;Jamey Stegmaier;2016;;uni game night, Linus, App;8;board/player boards/miniatures/meeple/cards
27;The Lord of the Rings: Fate of the Fellowship;action points/hand management/point to point movement/set collection/tags/variable player powers;strict clockwise;condition;90;Lord of the Rings;1-5 (3);0;3;5;9.28;0.09;4;8.3;8;Matt Leacock;2025;;bga;4;
68;Ultimate Railroads;end game boni/tableau building/tech tracks/worker placement;claim;fixed turns;90;railroads;1-4 (2);;3;2;9.27;-0.04;12;8.4;8;Helmut Ohley/Lenny Orgler;2021;Russian Railroads;bga;3;board/player boards/meeple/currency
44;Phraya;action retrieval/area majority/commodity specultation/contracts/deck, bag and pool building/end game boni/hand management/movement points/open drafting/ownership/pick-up and deliver/variable set-up;strict clockwise;condition;120;Bangkok/markets;2-4 (3);;3;3;9.27;0.01;2;7.5;8;Alberto Millan;2022;;Jannis;1;
11;Age of Innovation;contracts/end game boni/hex grid/income/modular board/network and route building/variable player powers/variable set-up/victory points as a resource;pass order;fixed turns;180;fantasy;1-5 (4);;5;2;9.25;0.05;12;8.7;8;Helge Ostertag;2023;Terra Mystica;bga;3;boards/player boards/meeple/tokens/resources
36;Teotihuacan: City of Gods;area movement/dice workers/rondel/set collection/tile placement/track movement/variable set-up/worker placement;strict clockwise;condition;120;medieval/southamerice;1-4 (4);;4;2;9.16;0.02;16;7.9;8;Daniele Tascini;2018;;bga;1;
30;Orleans;contracts/deck, bag and pool building/different workers/events/kill steal/point to point movement/simultaneous action selection/tech tracks/worker placement;progressive;fixed turns;90;medieval/france;2-4 (4);;3;2;9.14;0.03;12;8.1;8;Reiner Stockhausen;2014;;bga;2;
55;Innovation;0;0;0;0;0;0;0;0;0;9.1;0;1;0;0;0;0;0;0;0;0
62;Fromage;area majority/bias/chaining/contracts/end game boni/rondel/simultaneous action selection/worker placement;simultaneous;running out;30;food/cheese;1-4 (4);;3;2;9.09;-0.02;8;7.7;8;Matthew O'Malley/Ben Rosset;2024;;bga;8;
42;Aeon's End;deck, bag and pool building/delayed purchase/hand management/open drafting/variable phase order/variable player powers/variable set-up;chit pull;condition;60;fantasy/magic/monsters;1-4 (2);C;4;3;9.08;0.02;16;7.9;8;Jenny Iglesias/Nick Little;2016;;Jannik;1;
106;Quacks;catch the leader/deck, bag and pool building/delayed purchase/events/open drafting/push your luck/simultaneous action selection/variable set-up;simultaneous;fixed turns;45;medieval;2-4 (4);;2;2;9.06;-0.05;16;7.8;8;Wolfgang Warsch;2018;;Jannis;1;board/player boards/bags/tokens/cards
119;Distilled;hand management/income/market/push your luck/set collection;progressive;fixed turns;90;crafting/alcohol/spirits;1-5 (3);;3;1;9.05;-0.08;14;7.9;8;Dave Beck;2023;;bga;4;boards/player boards/cards/currency
63;Great Western Trail;deck, bag and pool building/hand management/ownership/set collection/tableau building/track movement/variable set-up;strict clockwise;condition;120;farming;2-4 (3);;4;2;9.05;-0.01;14;8.2;8;Alexander Pfister;2016;;bga;4;board/player boards/cards
37;Age of Galaxy;action points/tableau building/tech tracks/variable player powers/worker placement/4X;stat based;fixed turns;60;sciencefiction/4X;1-4 (3);;4;2;9.05;0.02;16;7.7;8;Jeffrey CCH;2022;;Stefan;2;
146;Obsession;action retrieval/deck, bag and pool building/hand management/open drafting/tableau building;strict clockwise;fixed turns;45;victorianage;1-4 (2);;3;1;9.04;-0.1;16;8.2;8;Dan Hallagan;2018;;bga;4;board/player boards/cards/common tiles/common meeple
64;Newton;action retrieval/closed drafting/deck, bag and pool building/end game boni/hand management/income/open drafting/point to point movement/tech tracks/tile placement/variable set-up;progressive;fixed turns;90;Newton, renaissiance;1-4 (3);;3;2;9.03;-0.02;7;7.5;8;Simone Luciani/Nestore Mangone;2018;;bga;4;
85;Amalfi: Renaissance;contracts/end game boni/hand management/open drafting/ownership/resource to move/tableau building/worker placement;pass order;fixed turns;90;trade/Mediterranean;1-4 (3);;3;2;9.0;-0.08;6;7.7;8;Takeo Yamada;2023;;bga;5;
72;Pirates of Maracaibo;increase value of unchosen resources/multi-use-cards/pieces as map/race/stock holding;strict clockwise;race;75;pirates/Caribbean;1-4 (3);;3;2;9.0;-0.05;5;7.9;8;Ralph Bienert/Ryan Hendrickson/Alexander Pfister;2023;;Jannis;5;
82;Glass Road;automatic resource growth/follow/once per game abilities/open drafting/set collection/simultaneous action selection/tableau building/tile placement/variable set-up;progressive;fixed turns;45;medieval/germany;1-4 (3);;3;1;8.99;-0.03;12;7.4;8;Uwe Rosenberg;2013;;bga;2;
40;Beyond the Sun;area majority/contracts/events/income/point to point movement/tableau building/tech tracks/worker placement;strict clockwise;condition;90;sciencefiction;2-4 (3);;4;2;8.99;0.03;15;7.9;8;Dennis K. Chan;2020;;bga;4;
66;Foundations of Rome;auction/income/market/ownership/square grid/tile placement;strict clockwise;;90;ancient Romans;2-5 (4);;2;3;8.98;-0.04;3;8;8;Emerson Matsuuchi;2022;;bga;1;
71;Rats of Wistar;contracts/events/variable set-up/worker placement;claim;fixed turn;90;animals/rats;1-4 (3);;3;3;8.96;-0.02;8;7.5;8;Simone Luciani/Danilo Sabia;2023;;bga;1;
70;Race for the Galaxy;follow/hand management/multi-use cards/simultaneous action selection/tableau building/tags;simultaneous;race;30;sciencefiction;2-4 (2);;4;1;8.9;-0.0;16;7.7;8;Thomas Lehmann;2007;;own;15;cards
45;Unmatched Game System;action points/card play conflict resolution/hand management/line of sight/player elimination/point to point movement/variable player powers;strict clockwise;player elimination;30;fairytales;2/4 (4);T;3;4;8.9;0.02;16;8.3;8;Rob Daviau;2019;;David;3;board/miniatures/personal card deck
59;Meadow;different workers/hand management/layering/open drafting/set collection/tableau building/worker placement;progressive;fixed turns;60;nature;1-4 (2);;2;3;8.88;0.02;8;7.7;8;Klemens Kalicki;2021;;Jannis;1;
81;Puerto Rico;action drafting/end game boni/follow/hidden victory points/increase value of unchosen resources/tableau building/variable phase order;progressive;condition;120;colonies;2-5 (4);;3;2;8.87;-0.01;15;7.9;8;Andreas Seyfarth;2002;;bga;3;
56;Troyes;area majority/dice workers/different workers/end game boni/events/hidden victory points/income/ownership/set collection/slide/variable set-up/worker placement;progressive;;90;Troyes/medieval/France;2-4 (3);;3;3;8.85;0.11;3;7.7;8;Sebastien Dujardin/Xavier Georges/Alain Orban;2010;;bga;5;0
61;Ark Nova;action queue/end game boni/grid coverage/hand management/hex grid/increase value of unchosen resources/open drafting/set collection/tableau building/tags/tile placement/variable player powers;strict clockwise;condition;120;animals/zoo;1-4 (2);;3;2;8.83;0.01;16;8.5;8;Mathias Wigge;2021;;bga;9;board/player boards/cards/currency/meeple
46;The Quest for El Dorado;deck, bag and pool building/delayed purchase/grid movement/hex grid/modular board/multi-use cards/open drafting/race/variable set-up;strict clockwise;race;60;exploration, jungle;2-4 (4);;2;3;8.83;0.11;5;7.7;8;Reiner Knizia;2017;;Jannis;1;0
78;Roll for the Galaxy;action retrieval/deck, bag and pool building/dice workers/contracts/follow/simultaneous action selection/tableau building/variable phase order/variable player powers/worker placement;simultaneous;race;45;sciencefiction;2-5 (3);;3;1;8.78;-0.0;16;7.6;8;Wie-Hwa Huang/Thomas Lehmann;2014;;bga;3;player board/tiles/custom dice
58;3 Ring Circus;area majority/end game boni/hand management/movement points/point to point movement/tableau building;strict clockwise;condition;75;circus/USA;1-4 (4);;3;2;8.78;0.02;13;7.3;8;Remo Conzadori/Fabio Lopiano;2023;;Jannis;1;board/player boards/cards/meeple
73;Isle of Skye: From Chieftain to King;catch the leader/commodity speculation/I cut, you choose/set collection/tile placement;progressive;fixed turns;45;scotland;2-5 (5);;3;4;8.77;0.0;16;7.4;8;Andreas Pelikan/Alexander Pfister;2015;;Felix;2;board/tiles/currency
80;The Wolves;area majority/grid movement/hex grid/modular board/take that/variable set-up;strict clockwise;fixed turns;75;wolves;2-4 (3);;3;3;8.75;-0.01;11;7.3;8;Ashwin Kamath;2022;;bga;2;
76;Karvi;dice workers/point to point movement/resource to move/track movement/worker placement;time track;race;120;vikings;2-4 (2);;3;3;8.72;0.0;10;7.3;8;Torgeir Tjong;2023;;bga;2;0
65;Tikal;action points/area majority/auction/grid movement/hex grid/layering/map addition/modular board/set collection/tile placement/victory points as a resource;strict clockwise;fixed turns;90;exploration/adventure;2-4 (4);;3;3;8.7;0.02;10;7.3;7;Michael Kiesling/Wolfgang Kramer;1999;;Hubert/bga;3;
95;7 Wonders Duel;end game boni/income/layering/market/modular board/multi-use cards/once per game abilities/open drafting/set collection/tableau building/tags/tech tracks/tug of war/variable player powers/variable set-up;strict clockwise;fixed turns/sudden death;30;ancientworld;2;;3;2;8.65;-0.01;16;8.1;7;Antoine Bauza/Bruno Cathala;2015;;uni game night, bga;100;board/cards/currency
67;Apiary;income/multi-use-cards/tile placement/variable player powers/worker placement;strict clockwise;condition;75;science fiction/space/bees;1-5 (3);;3;3;8.65;0.06;5;7.7;7;Connie Vogelmann;2023;;bga;5;
98;Living Forest;deck, bag and pool building/push your luck/simultaneous action selection/tile placement;strict clockwise;race;40;fantasy/animals;1-4 (3);;2;2;8.64;-0.02;13;7.3;7;Aske Christiansen;2021;;bga;7;
84;Lorenzo il Magnifico;contracts/dice workers/end game boni/open drafting/tableau building/variable set-up/worker placement;claim;fixed turns;90;Renaissance/Italy;2-4 (3);;3;2;8.64;-0.01;3;7.8;7;Flaminia Brasini/Virginio Gigli/Simone Luciani;2016;;bga;5;0
94;WarCry;line of sight/measurement movement/once per game abilities/scenario/three dimensional movement/variable player powers/variable set up;stat based;fixed turns;60;warhammer;2;;2;4;8.63;-0.19;2;8.1;8;Games Workshop;2019;;Christoph;2;
86;Skara Brae;0;0;0;0;0;0;0;0;0;8.58;0;1;0;0;0;0;0;0;0;0
79;Tigris & Euphrates;area majority/chaining/connections/force commitment/hand management/hidden victory points/highest lowest scoring/income/set collection/square grid/take that/tile placement;strict clockwise;running out;120;ancient mesopotamia;2-4 (4);;4;4;8.57;0.06;3;7.7;7;Reiner Knizia;1997;;bga;5;
96;Caper: Europe;area majority/closed drafting/set collection/tug of war;progressive;fixed turns;30;criminals;2;;3;3;8.55;-0.01;16;7.7;7;Unai Rubio;2022;;bga;5;board/cards/tokens
91;Blood on the Clocktower;bluffing/deduction/hidden roles/negotiation/player elimination/prisoners dilemma/rock-paper-scissors/roles with asymmetric information/variable player powers/voting;strict clockwise;player elimination/sudden death;90;horror;5-15 (9);T;3;5;8.53;-0.0;16;8.3;7;Steven Medway;2022;;Linus;25;board/role sheet/tokens
74;Five Tribes: The Djinns of Naqala;auction/constrained bidding/end game boni/hidden victory points/mancala/modular board/set collection/square grid/take that/variable player powers/variable set-up/victory points as a resource;auction;condition;45;oriental;2-4 (2);;3;3;8.53;0.04;7;7.8;7;Bruno Cathala;2014;;bga;3;
69;Dominion;deck, bag and pool building/delayed purchase/hand management/open drafting/take that/variable set-up;strict clockwise;race;30;medieval;2-4 (4);;3;2;8.52;0.02;16;7.6;7;Donald X. Vaccarino;2008;;own;25;cards
90;Furnace;0;0;0;0;0;0;0;0;0;8.51;0;1;0;0;0;0;0;0;0;0
52;Red Outpost;area majority/worker placement;strict clockwise;fixed turns;45;communism;2-4 (3);;3;3;8.47;0.09;9;6.9;7;Raman Hryhoryk;2019;;Jannis;1;
77;Terraforming Mars;closed drafting/contracts/end game boni/hex grid/income/set collection/tableau building/tags/take that/tech tracks/tile placement/variable player powers/variable set-up/victory points as a resource;progressive;condition;120;sciencefiction;1-5 (3);;3;2;8.44;0.02;16;8.4;7;Jacob Fryxelius;2016;;uni game night, bga;6;board/player boards/tokens/cards
87;The Guild of Merchant Explorers;bingo/hex grid/hidden victory points/line drawing/network and route building/pattern movement;simultaneous;fixed turns;45;fantasy/exploration;1-4 (2);;2;1;8.42;0.02;7;7.7;7;Matthew Dunstan/Brett J. Gilbert;2022;;bga;10;
93;Mycelia;deck, bag and pool building/grid movement;strict clockwise;condition;45;fantasycreatures;2-4 (4);;2;2;8.38;0.01;16;7.5;7;Daniel Greiner;2023;;Stefan;1;
60;Bunny Kingdom;area majority/closed drafting/end game boni/grid coverage/square grid;simultaneous;fixed turns;60;fairytales;2-4 (4);;3;3;8.34;0.05;15;7.4;7;Richard Garfield;2017;;bga;5;board/cards/meeple
54;Dead Cells: The Rogue-Lite Board Game;action queue/communication limits/deck, bag and pool building/delayed purchase/market/minimap resolution/multi-use cards/multiple maps/point to point movement/push your luck/role playing/scenario/simultaneous action selection/stat check resolution/tags/track movement/variable phase order/variable player powers/variable set-up/victory points as a resource;variable;player elimination;45;fantasy;1-4 (3);;3;5;8.34;0.39;3;7.6;7;Antoine Bauza/Corentin Lebrat/Ludovic Maublanc/Theo Riviere;2024;;bga;25;
120;Evergreen;bias/end game boni/grid coverage/open drafting;progressive;fixed turns;45;abstract;1-4 (2);;3;1;8.32;-0.02;16;7.5;7;Hjalmar Hach;2022;;bga;6;
88;Wingspan;action queue/end game boni/hand management/once per game abilities/open drafting/set collection/tableau building;progressive;fixed turns;60;animals;1-5 (3);;3;1;8.31;0.02;16;8;7;Elizabeth Hargrave;2019;;uni game night, bga;13;
114;The Lord of the Rings: The Fellowship of the Ring – Trick-Taking Game;communication limits/scenario/trick taking;stat based;fixed turns;20;Lord of the Rings;1-4 (4);C;2;4;8.27;-0.17;2;8;7;Bryan Bornmueller;2025;;own;20;cards/tokens
53;El Grande;action drafting/area majority/area movement/auction/hand management/interrupts/memory/open drafting/selection order bid/simultaneous action selection;auction;fixed turns;120;medieval/spain;3-5 (5);;3;3;8.27;0.06;16;7.8;7;Wolfgang Kramer/Richard Ulrich;1995;;own;2;board/cards/meeple
104;Popcorn;0;0;0;0;0;0;0;0;0;8.27;0;1;0;0;0;0;0;0;0;0
107;Hoity Toity;bluffing/rock-paper-scissors/set collection/simultaneous action selection;simultaneous;race;40;victorianage;2-5 (4);;3;2;8.26;-0.0;11;6.5;7;Klaus Teuber;1990;;Jannis;1;
100;Samurai;area majority/hand management/hex grid/once per game abilities/set collection/tile placement;strict clockwise;fixed turns;45;Japan;2-4 (4);;3;3;8.26;0.01;16;7.5;7;Reiner Knizia;1998;;own;10;board/tiles/tokens
83;Port Royal;contracts/events/market/move through deck/open drafting/push your luck/tableau building;strict clockwise;race;30;pirates;2-5 (4);;2;2;8.22;0.03;16;7.1;7;Alexander Pfister;2014;;uni game night;3;cards
123;Crusaders: Thy Will Be Done;action points/area majority/end game boni/grid movement/hex grid/mancala/movement points/rondel/tags/tech tracks/variable player powers/worker placement;strict clockwise;running out;60;medieval/crusades;2-4 (4);;2;2;8.14;-0.05;5;7.5;7;Seth Jaffee;2018;;bga;5;
105;Ancient Knowledge;delayed purchase/end game boni/open drafting/tableau building/tags;strict clockwise;condition;75;archeology;2-4 (2);;3;2;8.12;0.03;6;7.1;7;Remi Mathieu;2023;;bga;5;
92;Galaxy Trucker;events/real time/relative movement/tile placement/track movement;simultaneous;fixed turns;45;science fiction;2-4 (4);;2;3;8.11;0.06;7;7.3;7;Vlaada Chvatil;2007;;Jannis;1;
126;Let's Go! To Japan;closed drafting/set collection/simultaneous action selection/storytelling;simultaneous;fixed turns;45;travelling/Japan;1-4 (3);;2;2;8.07;-0.02;8;7.7;7;Josh Wood;2024;;bga;2;
111;Knarr;hand management/open drafting/set collection;strict clockwise;race;30;Wikings;2-4 (4);;3;2;8.04;0.01;16;7.5;7;Thomas Dupont;2023;;Stefan, bga;11;
102;Tapestry;area majority/contracts/events/grid coverage/hand management/hex grid/income/map addition/open drafting/square grid/tableau building/take that/tech tracks/tile placement/variable player powers/variable set-up;strict clockwise;fixed turns;120;alternativehistory/4X;1-5 (3);;3;2;8.01;0.02;16;7.5;7;Jamey Stegmaier;2019;;bga;3;board/cards/meeple/miniatures/player boards
145;Oceans;hand management/hidden victory points/open drafting/victory points as a resource;strict clockwise;running out;60;oceans;2-4 (3);;3;3;8.0;-0.07;7;7.4;7;Nick Bentley/Dominic Crapuchettes;2020;;Jannis;1;
75;Libertalia;action queue/hand management/selection order bid/set collection/simultaneous action selection/take that/variable phase order;role order;fixed turns;45;pirates;2-6 (6);;3;2;8.0;0.05;16;7.1;7;Paolo Mori;2012;;bga;2;board/cards
89;Hadara;end game boni/memory/open drafting/set collection/simultaneous action selection;simultaneous;fixed turns;60;civilization;2-5 (4);;2;2;7.98;0.27;3;7.4;7;Benjamin Schwer;2019;;bga;0;
164;Railways of the World;action points/connections/end game boni/hex grid/income/loans/network and route building/open drafting/ownership/pick-up and deliver/tile placement;auction;running out;120;railways;2-6 (5);;3;3;7.95;-0.17;5;7.7;7;Glenn Drover/Martin Wallace;2005;;bga;5;
133;Stockpile;auction/betting/commodity speculation/constrained bidding/investment/market/open drafting/stock holding/victory points as a resource;;fixed turns;45;stock market;3-5 (5);;2;3;7.93;-0.07;3;7.4;7;Brett Sobol/Seth Van Orden;2015;;bga;3;0
103;The Pillars of the Earth;different workers/events/market/worker placement;claim;fixed turns;120;medieval;2-4 (4);;2;2;7.93;0.03;12;7.3;7;Michael Rieneck/Stefan Stadler;2006;;own;5;
110;Sheriff of Nottingham;bluffing/bribery/hand management/negotiation/open drafting/role playing/set collection;simultaneous;fixed turns;60;medieval/RobinHood;3-5 (5);;2;5;7.9;0.02;16;7.1;7;Sergio Halaban/Andre Zatz;2014;;Calvin;1;
171;Heat: Pedal to the Metal;catch the leader/deck, bag and pool building/hand management/programmed movement/push your luck/simulation/simultaneous action selection/track movement/variable set-up;strict clockwise;race;60;race/pushyourluck/trackmovement/programmedmovement/catchtheleader/handmanagement/simultaneousactionselection;2-6 (6);;2;2;7.85;-0.05;16;8.1;7;Asger Harding Granerud/Daniel Skjold Pedersen;2022;;bga;2;board/own cards
101;Camel Up;betting/end game boni/random move/track movement/variable set-up;strict clockwise;race;20;race;3-6 (6);;2;2;7.81;0.03;16;7;7;Steffen Bogen;2014;;bga;1;board/D3/meeple/tiles
141;Duel for Cardia;hand management/simultaneous action selection;simultaneous;race;15;fantasy;2;;2;4;7.79;-0.05;4;7.6;7;Faouzi Boughida/Mathieu Rivero;2025;;bga;10;
99;Stone Age;contracts/end game boni/set collection/worker placement;progressive;condition;90;stoneage;2-4 (4);;3;2;7.79;0.04;16;7.5;7;Bernd Brunnhofer;2008;;uni game night;8;board/cards/meeple/D6/resources
134;Kokeshi;open drafting/pattern building/square grid/track movement;strict clockwise;race;30;Japan/puppets;1-4 (2);;2;1;7.78;-0.01;3;7.1;7;Igor Knop/Andre Teruya;2024;;bga;3;
201;Paleo;action or event/memory/scenario/simultaneous action selection/sudden death ending/variable set-up;simultaneous;sudden death/condition;45;stoneage;1-4 (3);0;3;4;7.77;-0.07;16;7.7;7;Peter Rustemeyer;2020;;uni game night;6;boards/cards/resources
170;Hero Realms;deck, bag and pool building/hand management/once per game abilities/open drafting/player elimination/take that;strict clockwise;player elimination;20;fantasy;2-4 (2);;2;4;7.74;-0.06;10;7.5;7;Robert Dougherty/Darwin Kastle;2016;Star Realms;boardgame night;1;
169;Mindbug: First Contact;hand management/take that;strict clockwise;player elimination;20;sciencefiction/monsters;2;;2;4;7.74;-0.04;15;7.7;7;Skaff Elias/Richard Garfield;2022;;Linus;1;cards
139;Jaws;action points/area movement/card play conflict resolution/hidden movement/map deformation/map reduction/modular board/player elimination/secret unit deployment/variable player powers;strict clockwise;player elimination;60;Jaws;2-4 (4);1 vs. X;2;4;7.74;-0.02;3;7.1;7;Prospero Hall/Brian Kirk;2019;;Jannis;1;
113;Undergrove;area majority/area impulse/once per game abilities/re-rolling and locking;strict clockwise;running out;30;Japan;2-4 (4);;2;3;7.7;0.11;5;7.4;7;Elizabeth Hargrave/Mark Wootton;2017;;bga;10;
172;Imperial Settlers;closed drafting/contracts/end game boni/hand management/income/multi-use cards/open drafting/tableau building/take that/variable player powers;progressive;fixed turns;45;civilization;1-4 (2);;3;3;7.69;-0.28;3;7.3;7;Ignacy Trzewiczek;2014;51st State: Master Set;bga;3;0
112;Res Arcana;hand management/income/open drafting/score and reset/tableau building/take that;pass order;race;30;magic;2-4 (2);;4;1;7.69;0.03;16;7.6;7;Thomas Lehmann;2019;;bga;7;cards/tokens
160;Tiwanaku;deduction/exploration/grid movement/modular board;completion;fixed turns;45;fantasy;1-4 (2);(C);2;2;7.66;-0.16;3;7.2;7;Olivier Gregoire;2022;;bga;3;
147;Targi;end game boni/modular board/open drafting/set collection/square grid/tableau building/worker placement;progressive;fixed turns;60;oriental;2;;3;3;7.62;-0.0;16;7.6;7;Andreas Steiger;2012;;bga;3;
138;It's a Wonderful World;closed drafting/end game boni/hand management/income/set collection/simultaneous action selection/tableau building/variable player powers;simultaneous;fixed turns;45;sciencefiction;1-5 (4);;2;2;7.62;0.01;10;7.7;7;Frederic Guerard;2019;It's a Wonderful Kingdom;bga;5;
143;Arigatō;0;0;0;0;0;0;;0;0;7.62;0;1;0;0;0;0;0;0;0;0
136;Challengers!;deck construction/deck, bag and pool building/finale ending/hand management/open drafting;random;fixed turns;45;turnament;1-8 (8);;2;1;7.61;0.01;16;7.1;7;Johannes Krenner/Markus Slawitschek;2022;Challengers! Beach Cup;bga;2;board/cards
125;PARKS;contracts/end game boni/events/modular board/track movement/variable set-up;claim;condition;45;travelling;1-5 (4);;3;2;7.61;0.02;16;7.7;7;Henry Audubon;2019;;bga;6;variable board/cards/resources/meeple
152;Postcards;area movement/open drafting/set collection;strict clockwise;race;30;travelling/France;2-4 (2);;2;2;7.6;-0.12;2;6.9;7;Eric Dubus/Simon Kayne;2025;;bga;3;
167;Rumble Nation;area majority/area impulse/once per game abilities/re-rolling and locking;strict clockwise;running out;20;medieval/Japan;2-4 (4);;2;3;7.57;-0.09;5;7.4;7;Yogi Shinichi;2017;;bga;10;
132;Mission: Red Planet (Second/Third Edition);action retrieval/area majority/area movement/hand management/simultaneous action selection/take that;role order;fixed turns;60;science fiction;3-6 (4);;2;4;7.57;0.04;7;7.4;7;Bruno Cathala/Bruno Faidutti;2015;;Jannis;1;
97;Cascadia;end game boni/hex grid/open drafting/pattern building/tile placement/variable set-up/victory points as a resource;strict clockwise;fixed turns;30;nature/animals;2-4 (4);;2;1;7.57;0.06;16;8;7;Randy Flynn;2021;;uni game night;10;tiles/tokens
173;Vaalbara;hand management/hidden victory points/open drafting/set collection/simultaneous action selection;role order;fixed turns;20;stoneage;2-5 (5);;2;3;7.55;-0.03;16;7.3;7;Olivier Cipiere;2022;;bga;6;cards
116;Café;action points/contracts/grid coverage/highest lowest scoring/layering/melding and splaying/open drafting/partially overlapping cards/pattern building/square grid/tile placement;progressive;fixed turns;20;cafe;1-4 (2);;2;3;7.55;0.18;4;7.2;7;Costa/Rola;2020;;bga;2;
121;Faraway;constrained bidding/open drafting/set collection/simultaneous action selection/tableau building/tags;auction;fixed turns;20;fantasy;2-5 (3);;2;1;7.54;0.05;11;7.6;7;Johannes Goupy/Corentin Lebrat;2023;;Stefan;3;
148;Wispwood;0;0;0;0;0;0;0;0;0;7.54;0;1;0;0;0;0;0;0;0;0
144;Hadrian's Wall;flip and write/hand management/tech trees;simultaneous;fixed turns;30;ancient Romans;1-3 (1);;3;1;7.53;0.02;4;7.9;7;Bobby Hill;2021;;bga;5;0
129;Zenith;hand management/modular board/multi-use cards/tech tracks/tug of war;strict clockwise;race;30;science fiction;2/4 (2);T;2;4;7.53;0.06;7;7.7;7;Gregory Grard;2025;;bga;2;
118;Survive The Island;action points/grid movement/hex grid/map reduction/memory/modular board/secret unit deployment/take that;strict clockwise;running out;45;survival/island;2-5 (4);;1;4;7.53;0.1;6;7.4;7;Julian Courtland-Smith;2024;;bga;1;
57;Sid Meier's Civilization: The Board Game;deck, bag and pool building/grid movement/hand management/open drafting/player elimination/rock-paper-scissors/square grid/tech tracks/trading/variable player powers/4X;strict clockwise;player elimination/race;240;alternativehistory;2-4 (2);;5;2;7.53;0.1;16;7.4;7;Kevin Wilson;2010;;own;5;
184;Telestrations;drawing/give a clue, get a clue/paper and pencil;simultaneous;fixed turns;30;abstract;4-8 (8);;1;5;7.52;-0.05;14;7.4;7;unknown;2009;;own;1;writing sheet/pens/cards
149;Aquatica;0;0;0;0;0;0;0;0;0;7.52;0;1;0;0;0;0;0;0;0;0
131;Toy Battle;area majority/area movement/multiple maps/zone of control;strict clockwise;condition/running out;15;toys;2;;1;4;7.5;0.07;6;7.3;7;Paolo Mori/Alessandro Zucchini;2025;;bga;5;
150;Sobek: 2 Players;0;0;0;0;0;0;0;0;0;7.5;0;1;0;0;0;0;0;0;0;0
161;Jamaica;hand management/hand management/hidden victory points/random move/simultaneous action selection/take that/track movement;progressive;race;40;pirates/carribean;2-6 (6);;1;4;7.49;-0.02;9;7.1;7;Malcolm Braff/Bruno Cathala/Sebastian Pauchon;2007;;Jannis;1;
202;Nidavellir;auction/constrained bidding/selection order bid/set collection/simultaneous action selection;auction;fixed turns;45;fantasy/mythology;2-5 (3);;2;2;7.48;-0.09;10;7.6;7;Serge Laget;2020;;bga;3;
153;Abyss;0;0;0;0;0;0;0;0;0;7.45;0;1;0;0;0;0;0;0;0;0
154;Rauha;0;0;0;0;0;0;0;0;0;7.44;0;1;0;0;0;0;0;0;0;0
155;Villagers;0;0;0;0;0;0;0;0;0;7.42;0;1;0;0;0;0;0;0;0;0
162;GOLDblivion;deck, bag and pool building/income/tags;progressive;progressive;30;fantasy;1-4 (2);;2;2;7.41;-0.04;4;7;7;Jean-Francois Gauthier;2023;;bga;5;
142;Naishi;hand management;strict clockwise;player call;20;medieval/Japan;2;;2;3;7.39;0.04;8;7.5;7;Mathieu Bieri/Alex Fortineau;2024;;bga;2;
117;Azul;end game boni/open drafting/pattern building/set collection/tile placement;claim;condition;30;abstract;2-4 (2);;2;3;7.39;0.04;16;7.7;7;Michael Kiesling;2017;Azul: Stained Glass of Sintra;bga;36;bag/board/player boards/tokens
157;Seasons;0;0;0;0;0;0;0;0;0;7.39;0;1;0;0;0;0;0;0;0;0
189;Mexica;action points/area majority/contracts/enclosure/grid movement/square grid/tile placement/variable set-up/zone of control;strict clockwise;running out;90;ancient Mexico/abstract;2-4 (4);;3;3;7.38;-0.17;4;7.2;7;Michael Kiesling/Wolfgang Kramer;2002;;bga;3;
187;Gizmos;action queue/contracts/open drafting/tableau building;strict clockwise;condition;45;robots;2-4 (3);;2;1;7.38;-0.05;12;7.4;7;Phil Walker-Harding;2018;;bga;5;tiles/marbles
182;Ticket to Ride;connections/contracts/end game boni/hand management/network and route building/open drafting/push your luck/set collection;strict clockwise;condition;45;railroads;2-5 (3);;2;2;7.36;-0.03;16;7.4;7;Alan R. Moon;2004;Ticket to Ride: Europe/Ticket to Ride: India/Ticket to Ride:Switzerland/Ticket to Ride: Nordic Countries/Ticket to Ride Germany;own;350;board/cards/meeple
108;Beer & Bread;closed drafting/highest lowest scoring/multi-use cards;stat based;fixed turns;40;medieval/food;2;;2;2;7.35;0.11;9;7.4;7;Scott Almes;2022;;bga;0;0
124;Akropolis;auction/end game boni/layering/open drafting/pattern building/tile placement;progressive;fixed turns;30;ancientworld;2-4 (4);;2;1;7.33;0.04;16;7.5;7;Jules Messaud;2022;;bga;2;tiles/tokens
127;Colt Express;action queue/hand management/memory/programmed movement/take that/variable player powers;progressive;fixed turns;40;wildwest;2-6 (5);;2;4;7.32;0.04;16;7.1;7;Christophe Raimbault;2014;;bga;2;train/meeples/tokens/cards
122;7 Wonders;closed drafting/hand management/neighbor scope/set collection/simultaneous action selection/tableau building/variable player powers;simultaneous;fixed turns;30;ancientworld;3-7 (4);;2;2;7.28;0.05;16;7.7;7;Antoine Bauza;2010;;uni game night;9;player boards/cards
178;Great Western Trail: El Paso;deck, bag and pool building/hand management/ownership/set collection/tableau building/track movement/variable set-up;strict clockwise;condition;75;cowboys;1-4 (3);;3;2;7.27;-0.05;6;7;7;Alexander Pfister;2025;;bga;3;
163;Valeria: Card Kingdoms;open drafting/random production/tableau building/variable set-up;strict clockwise;running out;40;fantasy;2-4 (3);;2;2;7.23;0.03;3;7.4;7;Isaias Vallejo;2016;;Jannis;1;cards/D6
168;The Great Split;closed drafting/I cut, you choose/simultaneous action selection/tech tracks/variable set-up;simultaneous;fixed turns;45;twenties;2-7 (6);;2;3;7.19;0.0;12;7;7;Hjalmar Hach/Lorenzo Silva;2022;;bga;2;
165;The Vale of Eternity;hand management/market/open drafting;prpgressive;race;40;fantasy;2-4 (3);;3;2;7.18;0.01;16;7.7;7;Eric Hong;2023;;Stefan;5;cards/currency
180;Colorado;flip and write/race;strict clockwise;race;45;wildwest;2-4 (3);;2;3;7.17;-0.17;2;7;7;Joachim Thome;2023;;bga;1;0
175;Monster Expedition;end game boni/market/open drafting/push your luck/re-rolling and locking/variable player powers;strict clockwise;running out;30;fantasy/monsters;1-4 (3);;2;2;7.17;-0.09;2;6.8;7;Alexander Pfister;2020;;Jannis;0;0
197;Cosmoctopus;area movement/hand management/modular board/open drafting/variable set-up;strict clockwise;race;60;fantasy/horror;2-4 (2);(C);2;1;7.16;-0.05;10;7.3;7;Henry Audubon;2023;;bga;5;
156;Castles of Mad King Ludwig;end game boni/hidden victory points/I cut, you choose/increase value of unchosen resources/pattern building/set collection/tile placement;progressive;running out;90;King Ludwig II;2-4 (4);;2;3;7.11;0.1;4;7.5;7;Ted Alspach;2014;;bga;5;
109;Harmonies;open drafting/pattern building/tile placement;strict clockwise;condition;40;nature/animals;1-4 (2);;2;1;7.09;0.08;14;8.2;7;Johan Benvenuto;2024;;bga;1;playerboards/tokens/cards
217;Betrayal at House on the Hill;map addition/modular board/role playing/storytelling/variable player powers;strict clockwise;condition;60;horror;3-6 (5);(C/T);2;5;7.06;-0.09;9;7;7;Bruce Glassco/Rob Daviau;2004;;Christoph;2;0
191;Patchwork;grid coverage/income/open drafting/rondel/square grid/tile placement/victory points as a resource;time track;condition;20;abstract;2;;2;1;7.06;-0.02;16;7.6;7;Uwe Rosenberg;2014;;bga;5;player boards/tiles/currency
177;The Isle of Cats;0;0;0;0;0;0;0;0;0;7.05;0;1;0;0;0;0;0;0;0;0
115;CATAN;chaining/hex grid/income/modular board/negotiation/network and route building/random production/trading/variable set-up;strict clockwise;race;120;expansion;3-4 (4);;2;3;7.02;0.07;16;7.1;7;Klaus Teuber;1995;CATAN: New Energies;own;200;cards/D6/meeple/modular boards
213;Hanamikoji;area majority/force commitment/hand management/I cut, you choose;simultaneous;race;10;Japan;2;;2;2;7.01;-0.05;13;7.5;7;Kota Nakayama;2013;;bga;5;cards/tokens
176;Cryptid;deduction/hex grid/modular board/pattern recognition;strict clockwise;race;40;monster;3-5 (4);;3;4;7.0;0.0;16;7.4;7;Hal Duncan/Ruth Veevers;2018;;Jannis, Philipp F.;5;
252;Doppelkopf;hand management/trick taking;trick taker;fixed turns;60;abstract;4;T/1 vs. X;3;3;6.98;-0.08;16;7.6;7;unknown;1895;;own;15;french deck (9 to A)
179;Coal Baron;action points/contracts/pick-up and deliver/set collection/tile placement/worker placement;strict clockwise;fixed turns;60;industry;2-4 (3);;2;2;6.97;0.01;9;7.3;7;Michael Kiesling/Wolfgang Kramer;2013;;bga;2;
190;Magic: The Gathering;bluffing/closed drafting/deck construction/hand management/income/interrupts/player elimination/tags/take that;strict clockwise;player elimination;20;fantasy;2-5 (2);;4;4;6.96;-0.01;16;7.6;7;Richard Garfield;1993;Disney Lorcana;Sherwin;1;personal cards
193;Planet Unknown;end game boni/grid coverage/grid movement/hidden victory points/map addition/neighbor scope/network and route building/open drafting/pattern building/rondel/simultaneous action selection/square grid/tags/tech tracks/tile placement/variable player powers;progressive;;60;sciencefiction;1-6 (4);;2;2;6.93;-0.02;11;7.8;7;Ryan Lambert/Adam Rehberg;2022;;bga;5;
188;Moving Wild;closed drafting/hand management/melding and splaying/set collection;simultaneous;fixed turns;20;animals;1-6 (3);;2;3;6.92;-0.03;3;7;7;Chris Priscott;2024;;Mika;1;cards
265;Cartographers;bingo/drawing/end game boni/flip and write/grid coverage/paper and pencil/simultaneous action selection/square grid/variable set-up;simultaneous;condition;30;fantasy;1+ (2);;1;2;6.84;-0.08;16;7.6;7;Jordy Adan;2019;;bga;16;cards/pencils/writing sheet
311;Jaipur;hand management/hidden victory points/market/open drafting/score and reset/set collection;strict clockwise;condition;30;India/trading;2;;2;1;6.83;-0.14;16;7.5;7;Sebastian Pauchon;2009;;bga;5;cards/tokens
196;The Lord of the Rings: Journeys in Middle-Earth;deck, bag and pool building/map addition/modular board/role playing/scenario/stat check resolution/variable player powers;variable;condition;90;fantasy/lordoftherings;1-5 (4);0;3;4;6.81;-0.01;16;7.9;7;Nathan I. Hajek/Grace Holdinghaus;2019;;Thomas;1;
355;Poker;betting/bluffing/gambling/player elimination/set collection;strict clockwise;player elimination/fixed turns;30;abstract;2-8 (4);;2;2;6.8;-0.21;14;6.7;7;unknown;1810;;diverse;25;english deck (2 to A)/currency
235;Space Base;open drafting/random production/tableau building;strict clockwise;race;60;sciencefiction;2-5 (3);;2;2;6.8;-0.05;16;7.5;7;John D. Clair;2018;;bga;6;cards/D6
151;Bomb Busters;communication limits/deduction/memory/once per game abilities/scenario/sudden death ending;real time;sudden death/condition;30;spies;2-5 (4);C;2;4;6.78;0.09;9;7.9;7;Hisashi Hayashi;2024;;Stefan;1;
159;Wandering Towers;hand management/memory/race/rondel/track movement;strict clockwise;race;30;abstract;3-6 (4);;2;3;6.78;0.28;3;7.3;6;Michael Kiesling/Wolfgang Kramer;2022;;bga;5;
199;Railroad Ink: Deep Blue Edition;bingo/connections/roll and write/line drawing/network and route building/paper and pencil/simultaneous action selection;simultaneous;fixed turns;10;railroads;1+ (2);;2;1;6.77;-0.01;16;7.2;7;Hjalmar Hach/Lorenzo Silva;2018;;bga;23;writing sheets/pens/dice
232;Axis & Allies: 1942;area movement/income/player elimination/simulation;strict clockwise;player elimination;240;war/second world war;2-5 (2);T;4;4;6.75;-0.04;16;6.9;7;Larry Harris;2009;;Florian;3;
272;Carcassonne;area majority/enclosure/map addition/pattern building/tile placement;strict clockwise;fixed turns;40;medieval/france;2-5 (3);;2;3;6.73;-0.08;16;7.4;7;Hans-Juergen Wrede;2000;Carcassonne: Hunters and Gatherers;own;80;meeple/tiles
183;Sea Salt & Paper;hand management/open drafting/push your luck/score and reset/set collection/sudden death ending;strict clockwise;race;20;ocean/animals;2-4 (2);;2;3;6.69;0.02;16;7.5;7;Bruno Cathala/Theo Riviere;2022;;own;1260;
166;Sky Team;communication limits/dice workers/scenario/simulation/worker placement;progressive;fixed turns;15;aviation;2;0;2;4;6.68;0.04;14;8.2;7;Luc Remond;2023;;bga;20;player boards/D6/custom dice
279;Arboretum;hand management/pattern building/set collection/tile placement;strict clockwise;running out;30;trees;2-4 (2);;2;2;6.67;-0.19;8;7.3;7;Dan Cassar;2015;;bga;2;
241;Finca;contracts/mancala/once per game abilities/rondel/set collection;strict clockwise;condition;45;mallorca;2-4 (2);;2;2;6.67;-0.09;9;7.1;7;Wolfgang Sentker/Ralf zur Linde;2009;;bga;8;
229;Dorfromantik: The Board Game;area majority/hexagon grid/map addition/modular board/scenario/tile placement/variable player powers;strict clockwise;running out;45;village;1-3 (2);C;2;4;6.6;-0.42;2;7.6;7;Michael Palm/Lukas Zach;2022;0;0;0;0
227;Skat;auction/communication limits/trick taking;trick taker;fixed turns;45;abstract;3;(T);3;3;6.59;-0.03;16;7.2;7;unknown;1810;;own;20;french deck (7 to A)
158;Oriflamme;action queue/bluffing/card line/hand management/take that;progressive;fixed turns;20;medieval/spies;3-5 (5);;2;2;6.59;0.05;16;7.1;6;Adrien Hesling/Axel Hesling;2019;;own;7;cards/tokens
250;Potion Explosion;open drafting/pattern recognition/set collection/take that/variable set-up;strict clockwise;condition;30;magic;2-4 (3);;2;2;6.58;-0.05;16;7.1;7;Stefano Castelli/Andrea Crespi/Lorenzo Silva;2015;;bga;8;boards/marble contraption/marbles/tiles
211;Botanicus;action drafting/grid coverage/grid movement/modular board/resource to move/set collection/tile placement/variable set-up;stat based;fixed turns;60;gardening;2-4 (3);;2;1;6.55;-0.01;7;7.5;6;Samuele Tabellini Ferrari/Vieri Masseini;2024;;bga;5;
140;Forest Shuffle;end game boni/hand management/layering/multi-use cards/open drafting/set collection/tags;strict clockwise;condition;40;nature/animals;2-4 (2);;3;1;6.55;0.08;16;7.6;6;Kosch;2023;;bga;6;cards
220;Dracula vs Van Helsing;area majority/card play conflict resolution/force commitment/hand management;strict clockwise;condition;30;Dracula;2;;2;3;6.51;-0.06;4;7.4;7;Maxime Rambourg/Theo Riviere;2023;;bga;0;
204;Habitats;grid movement/open drafting/pattern building/square grid/tile placement;strict clockwise;fixed turns;40;animals/safari;1-5 (3);;2;1;6.48;0.11;2;7.4;6;Corne van Moorsel;2016;;bga;3;
192;Takenoko;action points/contracts/end game boni/grid movement/hex grid/modular board/network and route building/pattern building/set collection/tile placement;strict clockwise;race;45;animals;2-4 (3);;2;1;6.46;0.02;16;7.2;6;Antoine Bauza;2011;;bga;5;
266;Splendor;contracts/open drafting/set collection/tableau building;strict clockwise;race;30;crafting;2-4 (3);;2;2;6.45;-0.06;16;7.4;6;Marc Andre;2014;Splendor Duel;bga;6;cards/tokens
181;Saint Petersburg;income/open drafting/set collection/tableau building;progressive;condition;60;Russia;2-4 (4);;2;2;6.43;0.04;16;7.3;6;Bernd Brunnhofer;2004;;bga;5;board/cards
198;Histrio;action queue/hand management/simultaneous action selection;role order;fixed turns;40;animals/theatre;3-5 (3);;2;3;6.42;0.04;9;6.6;6;Bruno Cathala/Christian Martinez;2016;;Jannis;0;
186;Legends of Andor;area movement/scenario/variable player powers;strict clockwise;sudden death/condition;90;fantasy;2-4 (4);C;3;3;6.4;0.04;14;7.1;6;Michael Menzel;2012;;Papa;3;
218;Dewan;0;0;0;0;0;0;0;0;0;6.37;0;1;0;0;0;0;0;0;0;0
135;King of Tokyo;die icon resolution/king of the hill/open drafting/player elimination/push your luck/re-rolling and locking/tags;strict clockwise;player elimination/race;30;monster/Japan;2-6 (5);;1;4;6.33;0.09;16;7.1;6;Richard Garfield;2011;;uni game night;50;board/cards/cardboard standee/custom D6/tokens
253;Luxor;hand management/modular board/random move/set collection/track movement;strict clockwise;race;45;archeology/ancient Egypt;2-4 (4);;2;3;6.31;-0.09;7;7.2;6;Rudiger Dorn;2018;;bga;3;
350;Time's Up!;acting/communication limits/memory;strict clockwise;variable;45;abstract;4+ (6);T;1;4;6.26;-0.14;16;7.3;6;Peter Sarrett;1999;;uni game night;2;
195;Magic Maze on Mars;grid movement/modular board;simultaneous;timer;5;space/mars;2-6 (3);C;2;5;6.23;0.07;9;7;6;Kasper Lapp;2019;;Antares;1;
264;Formula D;different dice movement/grid movement/movement points/player elimination/push your luck/race/random movement/simulation;stat based;race;60;racing cars;3-10 (6);;1;2;6.19;-0.6;2;7;7;Laurent Lavaur/Eric Randall;2008;;bga;5;
137;Draft & Write Records;chaining/closed drafting/connections/contracts/grid coverage/hidden victory points/line drawing/map addition/paper and pencil/pattern building/point to point movement/roll and write/set collection/simultaneous action selection/square grid/tags/track movement;simultaneous;condition;45;music;1-6 (3);;2;2;6.18;0.14;12;7.3;6;Bruno Maciel;2024;;bga;4;
268;7 Wonders: Architects;neighbor scope/open drafting/set collection/variable player powers;strict clockwise;race;25;ancientworld;2-7 (3);;2;2;6.17;-0.04;16;7;6;Antoine Bauza;2021;;bga;15;
208;Middle Ages;modular board/open drafting/set collection/take that/tile placement/variable set-up;stat based;fixed turns;30;medieval/city;2-5 (3);;2;2;6.17;0.18;3;7.2;6;Marc Andre;2024;;bga;5;
230;Tipperary;0;0;0;0;0;0;0;0;0;6.16;0;1;0;0;0;0;0;0;0;0
231;Mü & More;0;0;0;0;0;0;0;0;0;6.15;0;1;0;0;0;0;0;0;0;0
236;Sushi Go!;closed drafting/end game boni/hand management/set collection/simultaneous action selection/variable set-up;simultaneous;fixed turns;20;food;3-5 (4);;1;2;6.14;-0.0;16;7.4;6;Phil Walker-Harding;2016;;bga;2;cards
203;Fiesta Mexicana;auction/contracts/square grid;simultaneous;completion;30;mexico/food;2-4 (4);;1;2;6.14;0.47;2;6.6;6;Christian Fiore/Knut Happel;2020;;Bibliothek game night;1;
130;Castle Combo;end game boni/multi-use cards/open drafting/set collection/tags/tile placement;strict clockwise;completion;15;medieval;2-5 (2);;2;1;6.13;0.17;11;7.5;6;Gregory Grard/Mathieu Roussel;2024;;bga;1;cards
216;Las Vegas Royale;area majority;stat based;fixed turns;60;casino/gambling;3-5 (5);;1;3;6.12;0.28;2;7.5;6;Rudiger Dorn;2019;;Bibliothek game night;1;
233;The Builders: Middle Ages;0;0;0;0;0;0;0;0;0;6.11;0;1;0;0;0;0;0;0;0;0
262;Imhotep;area majority/end game boni/modular board/set collection/worker placement;strict clockwise;fixed turns;40;ancientworld/Egypt;2-4 (4);;2;3;6.1;-0.03;16;7.1;6;Phil Walker-Harding;2016;;bga;3;
225;Cities;closed drafting/contracts/open drafting/pattern building/set collection/tile placement/variable set-up/worker placement;claim;fixed turns;45;city building;2-4 (4);;1;2;6.1;0.07;3;7.3;6;Steve Finn/Phil Walker-Harding;2024;;bga;10;
200;Alhambra;hand management/open drafting/set collection/tile placement;strict clockwise;running out;45;medieval/spain;2-6 (3);;2;2;6.08;0.04;16;7;6;Dirk Henn;2003;;own;35;
305;Spicy;bluffing/hand management;strict clockwise;race;15;food;3-6 (4);;1;4;6.06;-0.08;16;7.2;6;Gyori Zoltan Gabor;2020;;Stefan;6;cards
210;Santorini;grid movement/map reduction/square grid/three dimensional movement/variable player powers;strict clockwise;condition;20;abstract;2;;1;4;6.06;0.03;16;7.4;6;Gordon Hamilton;2016;;bga;1;
234;Regicide;card play conflict resolution/communication limits/hand management/sudden death ending/variable set-up;stat based;sudden death;20;abstract;1-4 (2);;2;3;6.05;0.02;3;7.4;6;Paul Abrahams/Luke Badger/Andy Richdale;2020;;own;10;cards
219;Thurn and Taxis;hand management/network and route building/open drafting/set collection;strict clockwise;running out;60;Renaissance;2-4 (4);;2;2;6.03;0.02;16;7.1;6;Andreas Seyfarth/Karen Seyfarth;2006;;uni game night, bga;3;board/cards/meeple/tokens
238;Hardback;0;0;0;0;0;0;0;0;0;6.03;0;1;0;0;0;0;0;0;0;0
222;Mansions of Madness;area movement/hand management/map addition/modular board/role playing/scenario/stat check resolution/variable player powers;variable;condition;150;horror;2-5 (5);C;3;4;5.98;0.02;16;7.9;6;Corey Konieczka;2016;;Thomas;1;
185;Next Station: London;bingo/connections/end game boni/flip and write/line drawing/network and route building/paper and pencil;simultaneous;fixed turns;25;railroads;1-4 (2);;1;1;5.93;0.07;16;7.5;6;Matthew Dunstan;2022;Next Station: Tokio/Next Station: Paris;bga;25;cards/pencils/writing sheet
249;Elfenland;network and route building/open drafting/point to point movement/programmed movement;progressive;fixed turns;60;fantasy;2-6 (4);;2;2;5.92;-0.01;14;6.7;6;Alan R. Moon;1998;;Jan;8;board/cards/meeple/tiles
206;Fantasy Realms;end game boni/hand management/open drafting/set collection;strict clockwise;fixed turns;10;fantasy;2-7 (3);;2;1;5.92;0.04;16;7.5;6;Bruce Glassco;2017;;Stefan;1;cards
174;Zombicide: Black Plague;modular board/scenario/variable player powers;progressive;player elimination/condition;120;monsters/zombies;1-6 (3);C;3;3;5.91;0.09;14;7.6;6;Raphael Guiton/Jean Baptiste Lullien/Nicolas Raoult;2015;;Christoph;1;cards/D6/miniatures/player boards/tokens/variable boards
246;Go Goa;0;0;0;0;0;0;0;0;0;5.9;0;1;0;0;0;0;0;0;0;0
128;Looot;modular board/network and route building/once per game abilities/tile placement/worker placement;strict clockwise;running out;30;vikings;2-4 (2);;1;3;5.81;0.3;8;7.1;6;Charles Chevallier/Laurent Escoffier;2024;;bga;0;
212;Skull King;hand management/predictive bid/trick taking;trick taker;fixed turns;45;magic;3-6 (4);;2;2;5.8;0.04;16;7;6;Brent Beck/Jeffrey Beck;1984;;own;200;cards
205;Chess;grid movement/once per game abilities/pattern movement/square grid/static capture/sudden death ending;strict clockwise;sudden death;30;abstract;2;;3;3;5.8;0.05;16;7.2;6;unknown;1400;;diverse;50;chessboard/miniatures
247;SCOUT;hand management/ladder climbing/score and reset;progressive;fixed turns;20;circus;3-5 (5);;2;1;5.79;0.01;16;7.8;6;Kei Kajino;2019;;Mika;10;cards/tokens
276;Codenames;communication limits/deduction/memory/give a clue, get a clue/push your luck;strict clockwise;fixed turns;15;spies;4+ (4);T;1;4;5.78;-0.03;16;7.5;6;Vlaada Chvatil;2015;Codenames: Picures;uni game night;35;cards/tokens
315;Dice Hospital;action drafting/action points/dice drafting/dice workers/hexagon grid/I cut, you choose/modular board/variable phase order/worker placement;progressive;fixed turns;60;hospital;1-4 (3);;2;3;5.77;-0.34;4;7.1;6;Stan Kordonskiy/Mike Nudd;2018;;bga;3;
251;So Clover!;communication limits/give a clue, get a clue;strict clockwise;fixed turns;30;abstract;2-6 (4);C;1;4;5.77;0.0;16;7.6;6;Francois Romain;2021;;uni game night;2;pens/writing sheets
228;IYE;grid movement/set collection/square grid/sudden death ending;strict clockwise;race;15;abstract;2;;1;2;5.76;0.44;2;6.8;6;Onur Sencan;2025;;bga;5;
288;Dead Man's Draw;push your luck/set collection/take that/variable player powers;;running out;15;pirates;2-4 (4);;1;2;5.75;-0.19;4;6.9;6;Derek Paxton;2014;;Moritz Freund;3;
248;Jekyll vs. Hyde;take that/trick taking/tug of war/variable phase order;stat based;fixed turns;30;Jekyllvs.Hyde;2;;2;3;5.74;0.01;14;7.2;6;Geonil;2021;;bga;3;cards
290;Orion Duel;hex grid/network and route building/tile placement;strict clockwise;sudden death;25;space/abstract;2;;1;3;5.73;-0.05;13;7.1;6;Alberto Branciari/Andrea Mainini;2023;;bga;2;board/tiles
256;Tiny Towns;end game boni/follow/grid coverage/pattern building/player elimination/square grid/variable phase order/variable player powers/variable set-up;progressive;completion;45;city building;1-5 (3);;2;2;5.73;-0.0;3;7.2;6;Peter McPherson;2019;;bga;3;
257;Earth;contracts/end game boni/follow/hand management/pattern building/tableau building/tags/tile placement/variable set-up/victory points as a resource;strict clockwise;completion;60;nature/plants;1-5 (2);;3;1;5.73;-0.0;16;7.7;6;Maxime Tardif;2023;;bga;5;board/cards
237;Risk: The Lord of the Rings;area majority/area movement/player elimination;strict clockwise;player elimination/condition;120;war/fantasy/lordoftherings;3/4 (4);;2;4;5.7;0.02;16;6.4;6;Stephen Baker/Jean-Rene Vernes/Barry Yearsley;2003;;own;110;
282;Love Letter;deduction/hand management/player elimination/score and reset/take that;stat based;player elimination;15;medieval;3-8 (4);;2;3;5.68;-0.03;16;7.2;6;Seiji Kanai;2012;;bga;12;cards/tokens
260;Beasty Bar;action queue/hand management/take that;strict clockwise;running out;20;night life/animals;2-4 (4);;1;3;5.67;-0.0;7;6.8;6;Stefan Kloss;2014;;Jannis;1;
215;Go;chaining/enclosure/pattern building/pattern recognition/square grid;strict clockwise;sudden death;45;abstract;2;;3;3;5.63;0.05;16;7.7;6;unknown;-2200;;bga;4;board/tokens
223;Get on Board: New York & London;bingo/connections/flip and write/line drawing/network and route building/paper and pencil;simultaneous;race;30;publictransit/bus;2-5 (3);;2;1;5.62;0.04;16;7;6;Saashi;2022;;bga;2;
263;Space Lab;0;0;0;0;0;0;0;0;0;5.61;0;1;0;0;0;0;0;0;0;0
255;For Sale;auction/hand management/selection order bid;stat based;fixed turns;30;housing market;3-6 (5);;1;3;5.55;0.19;2;7.3;6;Stefan Dorra;1997;;bga;5;0
207;The Fox in the Forest Duet;communication limits/hand management/map reduction/sudden death ending/trick taking/variable set-up;stat based;fixed turns/sudden death;30;fairytales;2;C;2;3;5.51;0.07;16;7;6;unknown;2020;;own;30;cards/tokens
269;Fugitive (Second Edition);0;0;0;0;0;0;0;0;0;5.51;0;1;0;0;0;0;0;0;0;0
209;Panda Spin;hand management/ladder climbing/melding and splaying/set collection;ladder climbing;fixed turns;40;abstract;2-5 (4);;2;2;5.5;0.51;3;7.1;6;Carl Chudyk;2024;;bga;3;cards
271;Captain Sonar;deduction/grid movement/hidden movement/line drawing/real time/role playing/secret unit deployment/simulation;strict clockwise;player elimination;60;war;2/4/6/8 (6);;3;3;5.49;-0.0;16;7.5;6;Roberto Fraga/Yohan Lemonnier;2016;;bga;1;
270;Mythicals;0;0;0;0;0;0;0;0;0;5.49;0;1;0;0;0;0;0;0;0;0
254;Tholos;area majority;strict clockwise;completion;20;abstract;2;;2;3;5.47;0.15;3;7.3;6;David Bernal;2021;;bga;10;board/tokens
240;Kingdom Builder;area majority/chaining/enclosure/grid movement/hexagon grid/modular board/network and route building/pattern building/tile placement/variable set-up;simultaneous;fixed turns;45;fantasy;2-4 (4);;2;1;5.47;0.26;3;6.9;6;Donald X. Vaccarino;2011;;bga;5;
226;Coffee Rush;contracts/grid movement;progressive;condition;30;coffee;2-4 (3);;2;1;5.46;0.26;4;7.1;6;Euijin Han;2023;;bga;5;
243;The Fox in the Forest;hand management/trick taking;stat based;race;30;fairytales;2;;2;2;5.45;0.03;16;7.1;6;Joshua Buergel;2017;;own;20;cards/tokens
194;After Us;deck, bag and pool building/melding and splaying/simultaneous action selection;strict clockwise;race;45;apocalypse/animals/apes;1-6 (3);;2;1;5.43;0.1;15;6.8;6;Florian Sirieix;2023;;bga;1;cards/resources
221;War Chest;area majority/deck, bag and pool building/grid movement/hand management/hex grid/variable player powers;claim;player elimination;30;abstract;2/4 (2);;2;3;5.41;0.06;16;7.9;6;Trevor Benjamin/David Thompson;2018;;bga;2;board/chips
258;Bohnanza;hand management/multi-use cards/negotiation/trading;strict clockwise;running out;45;farming;3-5 (5);;2;4;5.4;0.02;16;7.1;6;Uwe Rosenberg;1997;;own;30;cards
296;MLEM: Space Agency;area majority/push your luck/track movement;progressive;fixed turns;60;cats;2-5 (4);;2;1;5.38;-0.03;14;7.2;6;Reiner Knizia;2024;;bga;1;
277;Pergola;0;0;0;0;0;0;0;0;0;5.38;0;1;0;0;0;0;0;0;0;0
245;Pandemic;action points/hand management/point to point movement/set collection/tags/variable player powers;strict clockwise;condition/fixed turns;45;disease;2-4 (4);C;2;4;5.37;0.04;16;7.5;6;Matt Leacock;2008;;own;15;board/cards/meeple/tokens
259;FlipToons;deck, bag and pool building/market/open drafting/score and reset/victory points as a resource;simultaneous;race;30;animals;1-4 (3);;2;2;5.36;0.1;4;7.2;6;Jordy Adan/Renato Simoes;2025;;bga;5;
278;Bohemians;0;0;0;0;0;0;0;0;0;5.36;0;1;0;0;0;0;0;0;0;0
342;Agent Avenue;hand management/I cut, you choose/relative movement/set collection/track movement;strict clockwise;;15;spies;2/4 (2);T;1;4;5.33;-0.17;7;7.8;6;Christian Kudahl/Laura Kudahl;2024;;Jannis;1;
280;Clever 4Ever;0;0;0;0;0;0;0;0;0;5.33;0;1;0;0;0;0;0;0;0;0
325;Druids;hand management/set collection/trick taking;stat based;fixed turns;45;magic;3-5 (5);;1;2;5.28;-0.05;14;6.5;6;Gunter Burkhardt/Wolfgang Lehmann;2017;;Christoph;1;cards
286;Viva Catrina;0;0;0;0;0;0;0;0;0;5.23;0;1;0;0;0;0;0;0;0;0
356;Coloretto;open drafting/push your luck/set collection/take that;pass order;condition;30;abstract;2-5 (4);;1;3;5.22;-0.08;15;7;6;Michael Schacht;2003;;bga;10;cards
273;Cóatl;contracts/hand management/once per game abilities/open drafting/pattern building/set collection;strict clockwise;race;45;monster/mesoamerica;1-4 (3);;2;1;5.21;0.23;2;6.8;6;Pascale Brassard/Etienne Dubois Roy;2020;;bga;3;
287;Harvest;0;0;0;0;0;0;0;0;0;5.21;0;1;0;0;0;0;0;0;0;0
285;Eternitium;deck, bag and pool building/race;strict clockwise;race;15;fantasy/abstract;1-4 (2);;2;2;5.19;0.03;3;6.7;6;Thomas Carlier;2024;;bga;5;cards
338;Catan Card Game;hand management/map addition/modular board/open drafting/random production/trading;strict clockwise;race;60;medieval;2;;2;3;5.18;-0.06;16;6.7;6;Klaus Teuber;1996;Anno 1701: Das Kartenspiel;own;50;
289;Pirates Under Fire;0;0;0;0;0;0;0;0;0;5.18;0;1;0;0;0;0;0;0;0;0
284;Dice Forge;deck, bag and pool building/open drafting/random production;strict clockwise;condition;45;magic;2-4 (4);;2;1;5.16;0.01;16;7.2;6;Regis Bonnessee;2017;;bga;3;board/cards/currencies/D6 with removeable faces
300;Scotland Yard;hidden movement/point to point movement/secret unit deployment;strict clockwise;;45;crime/spies;3-6 (5);1 vs. X;2;4;5.15;-0.01;13;6.5;6;Manfred Burggraf/Dorothy Garrels/Wolf Hoermann/Franz Iflanf/Werner Scheerer/Werner Schlegel;1983;;Hubert;1;board/meeple/tokens
313;Dice Throne;re-rolling and locking/take that/variable player powers;strict clockwise;;20;fantasy;2-4 (2);;2;3;5.13;-0.02;16;7.7;6;Nate Chatellier/Aaron Hein/Manny Trembley;2018;;Christoph;1;custom D6/player board
244;Onitama;grid movement/hand management/pattern movement/square grid/static capture;strict clockwise;condition;15;abstract;2;;2;3;5.11;0.05;16;7.4;6;Shimpei Sato;2014;;bga;2;board/cards/meeple
295;Garden Rush;0;0;0;0;0;0;0;0;0;5.08;0;1;0;0;0;0;0;0;0;0
299;The Rose King;area majority/grid movement/hand management/move through deck/pattern building/square grid/tile placement;strict clockwise;condition;30;history/England/abstract;2;;2;3;5.07;-0.01;14;6.8;6;Dirk Henn;1992;;own;20;
316;Inside Job;hidden roles/trick taking/variable player powers/voting;stat based;fixed turns;25;spies;3-5 (5);1 vs. X;2;3;5.04;-0.03;13;7.1;6;Tanner Simmons;2022;;uni game night;3;cards/tokens
329;Mamma Mia!;contracts/hand management/memory;strict clockwise;claim end;30;pizza;2-5 (4);;1;2;5.0;-0.49;2;6.5;6;Uwe Rosenberg;1998;;Bibliothek game night;1;cards
337;Lost Cities;hand management/melding and splaying/ordering/push your luck/score and reset/set collection;stat based;running out;30;adventure;2;;1;2;5.0;-0.04;16;7.2;6;Reiner Knizia;1999;;own;150;
303;Canvas;auction/contracts/hand management/increase value of unchosen resources/layering/open drafting/set collection;strict clockwise;condition;30;art;1-5 (3);;2;1;4.96;-0.0;4;7.2;6;Jeff Chin/Andrew Nerger;2021;;bga;5;
283;Battle Line;card play conflict resolution/hand management/melding and splaying/set collection;strict clockwise;race;20;Scotland;2;;2;3;4.96;0.11;4;7.4;6;Reiner Knizia;1999;;bga;10;
304;Bonsai;0;0;0;0;0;0;0;0;0;4.92;0;1;0;0;0;0;0;0;0;0
344;The Same Game;deduction/communication limits/give a clue, get a clue;strict clockwise;fixed turns;30;abstract;3-6 (5);C;1;4;4.88;-0.06;11;7.2;6;Wolfgang Warsch;2023;;boardgame night;1;
275;Kahuna;area majority/hand management/network and route building/open drafting/take that;strict clockwise;running out;30;abstract;2;;2;3;4.85;0.04;16;6.6;6;Gunter Cornett;1999;;bga;3;cards/board/sticks
281;Heimlich & Co.;hidden roles/random move;strict clockwise;race;30;spies;2-7 (5);;1;3;4.84;0.03;16;6.5;6;Wolfgang Kramer;1984;;own;18;board/cards/custom D6/meeple
239;Kingdomino;open drafting/tile placement;stat based;completion;15;medieval;2-4 (4);;1;2;4.84;0.08;16;7.3;6;Bruno Cathala;2016;;bga;10;tiles
242;Niagara;bias/hand management/pick-up and deliver/set collection/simultaneous action selection/slide;auction;race;45;adventure;3-5 (4);;2;3;4.83;0.08;16;6.5;6;Thomas Liesching;2004;;own;40;game box/meeples/tiles
306;River Valley Glassworks;end game boni/grid coverage/increase value of unchosen resources/map deformation/matching/modular board/open drafting/pattern building/set collection/tile placement;strict clockwise;condition;30;animals;1-4 (2);;1;2;4.82;0.02;5;7.3;6;Adam Hill/Ben Pinchback/Matt Riddle;2024;;bga;3;
397;Applejack;tile placement;strict clockwise;fixed turns;30;farming/apples;1-4 (2);;2;1;4.77;-0.23;7;6.8;6;Uwe Rosenberg;2022;;bga;5;
328;Pili Pili;betting/constraint bidding/hand management/memory/predictive bid/real time/trick taking;stat based;inverse race;30;abstract;3-7 (4);;1;2;4.76;-0.24;2;6.5;6;Ben/JB;2025;;bga;5;
393;Metro;network and route building/take that/tile placement;strict clockwise;completion;30;railroads/metro;2-4 (2);;1;3;4.76;-0.11;13;6.5;6;Dirk Henn;1997;;bga;2;board/meeple/tiles
267;Welcome To...;bingo/contracts/flip and write/paper and pencil/pattern building/simultaneous action selection;simultaneous;condition;15;USA/fifties;2+ (2);;2;1;4.76;0.06;15;7.5;6;Benoit Turpin;2018;Welcome to the Moon;bga;7;cards/pen/writing sheet
224;Hey, That's My Fish!;grid movement/hexagon grid/map reduction/modular board/variable set-up;strict clockwise;running out;20;penguins;2-4 (3);;1;3;4.75;0.5;4;6.7;5;Gunter Cornett/Alvydas Jakeliunas;2003;;bga;3;
327;Junk Drawer;bingo/grid coverage/square grid/tile placement;simultaneous;fixed turns;20;sorting/house;1-4 (3);;1;1;4.73;-0.1;3;6.9;6;David Smith;2023;;bga;3;
291;Point Salad;open drafting/set collection;strict clockwise;condition;20;food/vegetables;2-6 (3);;1;3;4.73;0.05;9;7.1;6;Molly Johnson/Robert Melvin/Shawn Stankewich;2019;;boardgame night;2;cards
317;Expeditions: Around the World;connections/contracts/network and route building/point to point movement/track movement;strict clockwise;race;30;exploration/adventure;2-5 (3);;2;2;4.67;0.0;11;6.7;6;Wolfgang Kramer;1997;;bga;1;
366;Feed the Kraken;acting/bluffing/grid movement/hex grid/player elimination/role playing/roles with asymmetric information/traitor game/variable player powers/voting;auction;condition/player elimination;45;pirates;5-11 (8);T;2;5;4.65;-0.05;16;7.9;6;Maikel Cheney/Dr. Hans Joachim Hoh/Tobias Immich;2022;;own;80;
326;Nova Luna;contracts/tile placement;time track;race;30;abstract;2-4 (2);;1;2;4.65;-0.01;8;7.3;6;Uwe Rosenberg/Corne van Moorsel;2019;;bga;2;
320;Solstis;modular board/pieces as map/tile placement;strict clockwise;running out;15;mountains;2;;1;2;4.65;0.0;5;6.7;6;Bruno Cathala/Corentin Lebrat;2024;;bga;3;
294;Cat in the box;enclosure/hand management/predictive bid/trick taking;stat based;fixed turns;40;cats;3-5 (4);;2;2;4.64;0.04;11;7.5;6;Muneyuki Yokouchi;2022;;bga;5;
274;Boomerang: Europe;closed drafting/flip and write/paper and pencil/set collection;simultaneous;fixed turns;30;travelling;2-4 (4);;2;2;4.64;0.05;16;6.8;6;Scott Almes;2020;;bga;2;cards
321;Yokai Pagoda;0;0;0;0;0;0;0;0;0;4.64;0;1;0;0;0;0;0;0;0;0
362;Buttons;push your luck/set collection;strict clockwise;race;20;abstract;2-4 (2);;1;1;4.63;-0.34;3;5.8;6;Benjamin Schwer;2015;;bga;3;
322;dnup;0;0;0;0;0;0;0;0;0;4.62;0;1;0;0;0;0;0;0;0;0
418;Hidden Leaders;deduction/hand management/hidden roles/take that/track movement/tug of war;strict clockwise;condition;30;fantasy;2-6 (4);;2;3;4.61;-0.13;13;6.8;6;Andreas Muller/Markus Muller/Raphael Stocker;2022;;bga;1;
323;Under the Leaves;0;0;0;0;0;0;0;0;0;4.61;0;1;0;0;0;0;0;0;0;0
354;Draftosaurus;closed drafting/die icon resolution/set collection/simultaneous action selection;progressive;fixed turns;15;dinosaur/zoo;2-5 (4);;1;2;4.57;-0.16;4;7.1;6;Antoine Bauza/Corentin Lebrat/Ludovic Maublanc/Theo Riviere;2019;;bga;5;
214;Tokaido;end game boni/set collection/variable player powers/worker placement;time track;condition;45;travelling/Japan;2-5 (4);;2;2;4.56;0.17;12;6.9;5;Antoine Bauza;2012;;bga;1;board/meeple/cards
314;Top Ten;deduction/ordering/player judge/targeted clues;progressive;variable;30;party;4-9 (7);C;1;5;4.54;0.02;11;7.5;5;Aurelien Picolet;2020;;boardgame night;1;cards/tokens
332;Cacao;area majority/hand management/map addition/tile placement;strict clockwise;running out;45;actecs;2-4 (3);;1;2;4.53;-0.01;6;7.1;5;Phil Walker-Harding;2015;;bga;3;
331;5 Towers;auction/open drafting/set collection/tableau building;progressive;running out;15;abstract;2-5 (4);;1;3;4.49;-0.0;16;6.9;5;Kasper Lapp;2023;;Jannis;2;cards
330;My Gold Mine;player elimination/push your luck;strict clockwise;player elimination/fixed turns;15;dwarves/mining;2-6 (5);;1;2;4.49;-0.0;15;6.9;5;Dr. Hans Joachim Hoh/Michael Loth/Christof Schilling;2021;;Jannis;1;cards
375;Pocket Cats;square grid;strict clockwise;completion;15;cats/abstract;2;;1;4;4.48;-0.75;2;6.1;6;Alexander Aguilar/Romaric Galonnier;2024;;bga;3;
343;boop.;grid movement/pattern building/slide/square grid;strict clockwise;condition;20;abstract;2;;1;3;4.48;-0.01;16;7.1;5;Scott Brady;2022;;bga;8;board/meeple
324;CuBirds;hand management/set collection;progressive;race;15;animals;2-5 (3);;2;1;4.48;0.01;16;6.9;5;Stefan Alexander;2018;;bga;6;
307;Fruit Picking;mancala/race/set collection;strict clockwise;race;15;fruit;2;;1;1;4.47;0.2;3;5.7;5;Jun-ichi Shinde;2020;;bga;3;
292;Stratego;grid movement/memory/secret unit deployment/square grid;strict clockwise;condition;20;war;2;;2;3;4.45;0.04;16;6.1;5;Jacques Johan Mogendorff;1946;;own;15;board/meeple
302;Symbiose;neighbor scope/open drafting/pattern recognition/set collection/square grid;strict clockwise;fixed turns;15;animals;2-4 (3);;1;3;4.44;0.13;5;6.6;5;Jeremy Partinico/Christelle Partinico;2025;;bga;0;
334;Phantom Ink;communication limits/deduction/targeted clues;strict clockwise;fixed turns;15;ghosts;4-8 (6);T;1;4;4.43;-0.0;14;7.4;5;Mary Flanagan/Max Seidman;2022;;Stefan;1;cards/pencil/writing sheets
336;SHOCK (Knights With Poison);0;0;0;0;0;0;0;0;0;4.39;0;1;0;0;0;0;0;0;0;0
383;Among Cultists: A Social Deduction Thriller;action or event/deduction/hidden roles/point to point movement/voting;progressive;condition;90;Amongus;4-8 (8);T;2;5;4.37;-0.06;14;7.4;5;Stefan Godot;2023;;Simon;2;
346;Sagani;connections/line of sight/map addition/matching/open drafting/pattern building/race/square grid/tile placement;strict clockwise;race;30;elements;1-4 (2);;2;2;4.3;-0.02;5;7.1;5;Uwe Rosenberg;2020;;bga;3;
310;Halt mal kurz: Das Knguru-Spiel;rock-paper-scissors/take that/voting;strict clockwise;running out;20;popculture;3-5 (5);;1;3;4.3;0.03;16;5.8;5;Marc-Uwe Kling;2016;;own;50;cards
261;Nimalia;closed drafting/grid coverage/layering/simultaneous action selection/tile placement;simultaneous;fixed turns;25;animals;2-4 (3);;2;2;4.26;0.17;9;7.1;5;William Lievin;2023;;bga;1;
368;Marrakech;area majority/layering/random move/tile placement;strict clockwise;running out;30;Morocco;2-4 (4);;1;4;4.23;-0.05;8;6.7;5;Dominique Ehrhard;2007;;bga;2;
293;You're Bluffing!;auction/betting/hand management/memory/set collection/simultaneous action selection/trading;strict clockwise;fixed turns;45;farming;3-5 (5);;1;4;4.23;0.06;16;6.6;5;Rudiger Koltze;1985;;own;35;cards
319;Twinkle Twinkle;connections/grid coverage/map addition/open drafting/pattern building/set collection/square grid/tile placement/variable set-up;claim;completion;20;sky;1-4 (2);;2;2;4.19;0.16;4;7.1;5;Ammon Anderson;2025;;bga;3;
301;Verdant;increase value of unchosen resources/open drafting/pattern building/set collection/tile placement/variable set-up;strict clockwise;fixed turns;45;plants;1-4 (3);;2;2;4.18;0.2;5;7.3;5;Molly Johnson/Robert Melvin/Aaron Mesburne/Kevin Russ/Shawn Stankewich;2022;;bga;5;
351;Carnuta;0;0;0;0;0;0;0;0;0;4.14;0;1;0;0;0;0;0;0;0;0
379;Diamant;move through deck/push your luck/score and reset/simultaneous action selection;simultaneous;fixed turns;30;adventure/temples;3-8 (6);;1;1;4.13;-0.03;16;6.8;5;Bruno Faidutti/Alan R. Moon;2006;;bga;3;cards
352;Drôles de Zèbres;0;0;0;0;0;0;0;0;0;4.12;0;1;0;0;0;0;0;0;0;0
297;Piepmatz;hand management/open drafting/set collection;strict clockwise;running out;30;birds;2-4 (3);;2;2;4.11;0.47;3;7;5;Ben Pinchback/Matt Riddle;2018;;bga;2;cards
353;YINSH;0;0;0;0;0;0;0;0;0;4.1;0;1;0;0;0;0;0;0;0;0
308;Hanabi;communication limits/hand management/memory/ordering/set collection;strict clockwise;;15;art/firework;2-5 (4);0;2;4;4.09;0.06;14;7;5;Antoine Bauza;2010;;bga;7;cards
365;Game of Thrones: Oathbreaker;hand management/hidden roles/variable player powers;player choice;fixed turns;45;Game of Thrones;5-8 (7);T;2;5;4.08;-0.01;14;7;5;Kevin Spak;2019;;Calvin;1;
309;Qwinto;follow/paper and pencil/pattern building;simultaneous;running out;15;abstract;2-6 (3);;1;2;4.07;0.26;4;7;5;Bernhard Lach/Uwe Rapp;2015;;bga;3;
489;Shadow Hunters;hidden roles/player elimination/variable player powers;strict clockwise;player elimination;60;fantasy/vampires/werewolves;4-8 (7);T;2;4;4.05;-0.25;10;6.8;5;Yasutaka Ikeda;2005;;Thomas;0;
359;INK;contracts/pattern building/rondel/tile placement;stat based;running out;45;abstract;1-4 (3);;2;2;4.05;-0.01;4;6.9;5;Kasper Lapp;2025;;bga;3;
335;Captain Flip;advantage token/end game boni/grid coverage/memory/multiple maps/push your luck/tile placement;strict clockwise;completion;20;pirates;2-4 (2);;1;1;4.04;0.02;16;7;5;Remo Conzadori/Paolo Mori;2024;;bga;7;player boards/tiles
349;Trailblazers;closed drafting/end game boni/hand management/layering/map addition/modular board/network and route building/push your luck/race/set collection/simultaneous action selection/square grid/tile placement;simultaneous;fixed turns;30;outdoor sports;1-8 (3);;2;2;4.0;0.04;5;7;5;Ryan Courtney;2023;;bga;1;
360;Visions;0;0;0;0;0;0;0;0;0;3.99;0;1;0;0;0;0;0;0;0;0
361;Number Drop;0;0;0;0;0;0;0;0;0;3.97;0;1;0;0;0;0;0;0;0;0
382;Haiclue;deduction/give a clue, get a clue/tile placement;simultaneous;fixed turns;30;abstract;2-8 (4);(C);1;4;3.95;-0.16;3;6.1;5;Will Leaf;2019;;bga;10;cards/tiles
386;Belladone Bluff;hand management;strict clockwise;running out;30;abstract;2-4 (4);;1;2;3.92;-0.18;3;5.9;5;Konstantinos/Karagiannis;2023;;bga;5;cards
298;Pictures;communication limits/deduction/image interpretation/pattern recognition;simultaneous;fixed turns;30;art;3-5 (5);0;1;4;3.89;0.13;10;7.2;5;Christian Stohr/Daniela Stohr;2019;;uni game night;;
404;Barenpark;grid coverage/open drafting/set collection/tile placement;strict clockwise;condition;45;zoo;2-4 (4);;2;1;3.88;-0.08;9;7.3;5;Phil Walker-Harding;2017;;bga;3;
333;Risk;area majority/area movement/player elimination/set collection;strict clockwise;player elimination/condition;120;war;2-6 (4);(T);2;3;3.88;0.04;16;5.6;5;Albert Lamorisse/Michael I. Levin;1959;;own;250;board/cards/D6/meeple
402;The Number;;simultaneous;fixed turns;15;abstract;2-5 (4);;1;1;3.87;-0.2;4;6;5;Hisashi Hayashi;2020;;bga;5;
400;Loco Momo;open drafting/pattern building/pattern movement/set collection/square grid/tile placement;strict clockwise;fixed turns;30;animals;1-4 (2);;1;1;3.87;-0.06;10;6.4;5;Lenny Liu/Leon Liu;2020;;bga;3;
487;Unfathomable;area movement/hand management/hidden roles/variable player powers;strict clockwise;condition;240;Lovecraft;3-6 (6);T;4;5;3.86;-0.14;15;7.5;5;Toney Fanchi/Corey Konieczka;2021;;Thomas;1;
318;Forbidden Island;action points/events/grid movement/hand management/map reduction/modular board/pick-up and deliver/set collection/square grid/tile placement/variable player powers;strict clockwise;condition;30;archeology/adventure;1-4 (4);C;2;5;3.86;0.21;5;6.8;5;Matt Leacock;2010;;bga;3;
369;Up or Down?;0;0;0;0;0;0;0;0;0;3.84;0;1;0;0;0;0;0;0;0;0
370;Kalah;0;0;0;0;0;0;0;0;0;3.82;0;1;0;0;0;0;0;0;0;0
358;My Shelfie: The Dice Game;re-rolling and locking/set collection/square grid;strict clockwise;condition;20;home interior;2-4 (2);;1;1;3.8;0.06;5;6.5;5;Simone Luciani;2024;;bga;3;
384;Bag of Chips;hand management/push your luck;simultaneous;fixed turns;10;food;2-5 (4);;1;1;3.79;-0.01;16;6.5;5;Mathieu Aubert/Theo Riviere;2021;;bga;16;bag/cards/chips
341;Taboo;communication limits/give a clue, get a clue;strict clockwise;fixed turns;20;abstract;4+ (4);;1;5;3.79;0.03;16;6.3;5;Brian Hersch;1989;;diverse;20;cards
367;Dixit;give a clue, get a clue/storytelling/targeted clues/voting;progressive;race;30;fantasy;3-6 (5);;1;4;3.78;0.01;16;7.2;5;Jean-Louis Roubira;2008;;uni game night;8;cards
459;Just One;communication limits/give a clue, get a clue/paper and pencil;strict clockwise;fixed turns;30;party;3-7 (7);C;1;4;3.76;-0.13;12;7.6;5;Ludovic Roudy/Bruno Sautter;2018;;Marlene;2;
357;My Shelfie;end game boni/pattern building/set collection;strict clockwise;completion;30;livingroom/abstract;2-4 (2);;1;2;3.75;0.03;11;6.6;5;Matthew Dunstan/Phil Walker-Harding;2022;;bga;2;
345;My City;bingo/catch the leader/grid coverage/pattern building/tile placement;simultaneous;running out;30;city;2-4 (4);L;2;1;3.75;0.16;4;7.6;5;Reiner Knizia;2020;My City: Roll and Write;bga;2;
388;Ghosts Galore;grid coverage/network and route building/open drafting/push your luck/tile placement;strict clockwise;fixed turns;20;monster/maze;2-5 (2);;1;1;3.74;-0.23;2;6.5;5;Michael Luu;2026;;bga;5;
372;District Noir;card line/hand management/open drafting/push your luck/set collection;strict clockwise;fixed turns/sudden death;10;criminals;2;;1;2;3.73;0.0;16;7;5;Nabutake Dogen/Nao Shimamura;2016;;Calvin;2;cards
340;Hearts;hand management/trick taking;trick taker;fixed turns;20;abstract;3-8 (5);;1;2;3.69;0.06;11;6.5;5;unknown;1850;;bga;15;
436;No Thanks!;auction/push your luck/set collection;pass order;fixed turns;15;abstract;3-7 (4);;1;2;3.68;-0.06;16;7.1;5;Thorsten Gimmler;2004;;bga;5;cards/currency
440;HUTAN: Life in the Rainforest;open drafting/square grid/tile placement;claim;fixed turns;40;nature/animals;1-4 (3);;2;2;3.67;-0.25;5;7;5;Asger Harding Granerud/Daniel Skjold Pedersen;2025;;bga;4;
441;Roll Through the Ages: The Bronze Age;contracts/die icon resolution/events/paper and pencil/push your luck/re-rolling and locking/roll and write;strict clockwise;fixed turns;30;history/mesopathamia;1-4 (2);;2;1;3.66;-0.08;14;6.9;5;Matt Leacock;2008;;own;35;
374;Gravity Superstar;grid movement/hand management/modular board;strict clockwise;running out;30;abstract;2-6 (4);;1;2;3.66;0.09;2;6.6;5;Julian Allain;2018;;bga;0;0
410;Tucano;open drafting/set collection;strict clockwise;condition;15;food/fruit;2-4 (2);;1;2;3.64;-0.05;11;6.5;5;Theo Riviere;2021;;bga;3;cards
373;Abandon All Artichokes;deck, bag and pool building/open drafting;strict clockwise;race;20;food/vegetables;2-4 (4);;1;1;3.64;0.01;15;6.6;5;Emma Larkins;2020;;bga;5;cards
420;Hive;enclosure/grid movement/hex grid/pattern movement/pieces as map/three dimensional movement/tile placement;strict clockwise;;20;animals/abstract;2;;2;3;3.63;-0.04;16;7.3;5;John Yianni;2001;;bga;1;tiles
392;FLOWERS;connections/tile placement;strict clockwise;condition;20;abstract;2-4 (2);;1;2;3.63;-0.01;15;6.2;5;Paul-Henri Argiot;2024;;bga;7;tiles
385;Othello;enclosure/square grid/tile placement;strict clockwise;fixed turns;30;abstract;2;;2;4;3.62;-0.05;2;6.2;5;John W. Mollett/Lewis Waterman/Goro Hasegawa;1883;;bga;2;
394;Festival;contracts/end game boni/grid coverage/layering/market/open drafting/pattern building/square grid/tile placement;strict clockwise;condition;20;firework/abstract;2-4 (2);;1;1;3.61;-0.02;11;6.4;5;Gregory Grard;2024;;bga;;
389;Flip Freighters;end game boni/flip and write/paper and pencil/pick-up and deliver/push your luck;simultaneous;;10;trucks/abstract;1-4 (2);;1;1;3.6;-0.09;2;5.8;5;Wayne D. Koenig;2022;;bga;2;
453;Loopin' Louie;dexterity/real time;simultaneous;player elimination;5;farming;2-4 (4);;1;4;3.6;-0.08;15;6.7;5;Masaru Aoki/Carol Wiseley;1992;;diverse;40;contraption/chips
427;Tempel des Schreckens;hidden roles;player choice;fixed turns;10;adventure/temples;4-10 (10);T;1;5;3.58;-0.05;16;7.2;5;Yusuke Sato;2016;Time Bomb;uni game night;300;cards
371;Heckmeck Barbecue;push your luck;strict clockwise;running out;25;abstract;2-5 (3);;1;1;3.58;0.02;16;6.6;5;Reiner Knizia;2010;;Stefan;1;D6/tiles
398;Copenhagen;connections/contracts/grid coverage/hand management/open drafting/pattern building/set collection/square grid/tile placement;strict clockwise;race;40;copenhagen;2-4 (4);;1;1;3.56;-0.04;6;7;5;Asger Harding Granerud/Daniel Skjold Pedersen;2019;;bga;3;
378;Flip 7;push your luck/score and reset;progressive;race;20;abstract;3-8 (6);;1;2;3.52;0.03;6;7.2;5;Eric Olsen;2024;;bga;5;
433;12 Chip Trick;hand management/trick taking;trick taker;condition;20;abstract;2-4 (3);;1;2;3.45;-0.09;9;6.8;5;Root;2022;;bga;1;
413;Odin;hand management/ladder climbing;pass order;condition;15;vikings;2-6 (4);;1;2;3.43;-0.03;11;6.9;5;Yohan Goh/Hope S. Hwang/Gary Kim;2024;;bga;10;cards
387;Go Nuts for Donuts;open drafting/set collection;simultaneous;running out;30;food/abstract;4-6 (5);;1;2;3.42;0.11;2;7.1;5;;2017;;bga;7;cards
395;Timeline Twist;0;0;0;0;0;0;0;0;0;3.4;0;1;0;0;0;0;0;0;0;0
446;Activity;acting/communication limits/drawing/line drawing/paper and pencil/track movement;strict clockwise;race;45;abstract;4+ (4);;1;5;3.39;-0.06;16;5.9;5;Ulrike Catty/Paul Catty/Hans Fuhrer/Maria Fuhrer/Ernst Fuhrer;1990;;diverse;30;cards/pen/writing sheet
339;Jenga;physical removal/single loser/stacking and balancing/tower stacking;strict clockwise;destruction;10;abstract;2-4 (2);;1;2;3.38;0.06;16;5.6;5;Leslie Scott;1983;Villa Paletti;own;12;building bricks
396;Uptown;0;0;0;0;0;0;0;0;0;3.38;0;1;0;0;0;0;0;0;0;0
472;Durak;hand management/single loser/take that;strict clockwise;;10;abstract;2-6 (4);;1;4;3.37;-0.14;10;6.4;5;unknown;1800;;boardgame night;0;
312;The Crew: The Quest for Planet Nine;communication limits/hand management/scenario/trick taking;stat based;fixed turns;20;sciencefiction;2-5 (4);C;2;3;3.36;0.1;16;7.8;4;Thomas Sing;2019;;bga;3;cards/tokens
456;Lost Seas;closed drafting/tile placement;simultaneous;completion;20;ocean;2-4 (2);;1;2;3.31;-0.13;8;6.7;5;Johan Benvenuto/Alexandre Droit;2022;;bga;1;
401;Amoriax;0;0;0;0;0;0;0;0;0;3.3;0;1;0;0;0;0;0;0;0;0
443;Can't Stop;push your luck;strict clockwise;race;20;abstract;2-4 (3);;1;2;3.29;-0.05;16;6.9;5;Sid Sackson;1980;;bga;29;board/D6
464;Biomos;contracts/open drafting/pattern building;strict clockwise;fixed turns;20;abstract;1-4 (3);;1;1;3.27;-1.03;2;6.3;5;Gricha German;2023;;bga;3;
363;Qwixx;bingo/paper and pencil/roll and write;simultaneous;condition;15;abstract;2-5 (4);;1;1;3.26;0.09;9;6.9;4;Steffen Benndorf;2012;;Mika;2;
406;Choconnect;pattern building/slide/tile placement;strict clockwise;condition;10;abstract;2;;1;3;3.25;-0.02;3;5.3;5;Sandro Blasich;2024;;bga;3;
390;Butterfly;grid movement/push your luck/set collection/square grid;strict clockwise;condition;30;garden;2-4 (2);;1;3;3.25;0.23;2;6.7;4;Stephen Glenn;2019;;bga;2;
348;Abra Chadabra;push your luck/race;strict clockwise;race;15;magic tricks;2-5 (4);;1;1;3.24;0.24;5;5.9;4;Guillaume Labrousse;2025;;bga;5;
405;Cheez-Tricks;0;0;0;0;0;0;0;0;0;3.23;0;1;0;0;0;0;0;0;0;0
424;On Tour;bingo/connections/line drawing/network and route building/paper and pencil/push your luck/roll and write/simultaneous action selection;simultaneous;fixed turns;20;travelling;2+ (2);;1;1;3.22;-0.02;15;6.9;4;Chad DeShon;2019;;bga;3;D10/pens/writing sheet
458;Cribbage;hand management/score and reset;progressive;race;15;abstract;2;;1;1;3.2;-0.1;10;7.1;5;Sir John Suckling;1630;;bga;10;
364;Pixies;connections/open drafting/score and reset/set collection;pass order;completion;15;fantasycreatures;2-4 (2);;1;2;3.2;0.05;16;6.8;4;Johannes Groupy;2024;;bga;10;cards/player boards
407;Double Seven;0;0;0;0;0;0;0;0;0;3.2;0;1;0;0;0;0;0;0;0;0
408;Vegetable Stock;0;0;0;0;0;0;0;0;0;3.18;0;1;0;0;0;0;0;0;0;0
403;Bubblee Pop;pattern building;strict clockwise;condition;20;abstract;2;;1;2;3.12;0.02;11;6.2;4;Gregory Oliver;2016;;bga;0;
381;Framework;open drafting/pattern building/tile placement;strict clockwise;race;30;abstract;1-4 (2);;2;2;3.11;0.13;5;7;4;Uwe Rosenberg;2022;;bga;1;
411;Fibonachos;catch the leader/hand management/score and reset/trick taking;stat based;fixed turns;30;abstract;3-4 (4);;1;2;3.08;0.03;3;6.3;4;Chris Borges/Wanjin Gill/Thassiel Melo;2023;;bga;3;cards
347;Sounds Fishy;bluffing/player judge;simultaneous;fixed turns;30;abstract;5-10 (8);1 vs. X;1;4;3.08;0.19;7;6.8;4;Rob Piesse;2022;;uni game night;1;
414;MOW;0;0;0;0;0;0;0;0;0;3.08;0;1;0;0;0;0;0;0;0;0
409;Scratch & Catch;connections;strict clockwise;running out;20;abstract;2-6 (2);;1;1;3.06;0.04;4;6.2;4;Nicolas Boria/Fred Boulle;2025;;bga;5;
377;Lure;auction/push your luck;simultaneous;running out;15;fishing;2-5 (4);;1;2;3.0;0.17;5;6.7;4;Satoru Nakamura;2024;;bga;3;
471;Vulture Culture;auction/simultaneous action selection;simultaneous;fixed turns;20;birds/vultures/abstract;3-5 (5);;1;2;2.98;-0.42;3;6.5;5;Alex Randolph;1988;;bga;3;cards
380;Halma;grid movement/hex grid;strict clockwise;race;30;abstract;2-4 (4);;1;3;2.98;0.04;16;5.5;4;George Howard Monks;1884;;own;10;board/meeple
493;Coup;bluffing/hidden roles/memory/player elimination/take that/variable player powers;strict clockwise;player elimination;10;abstract;3-6 (4);;1;4;2.91;-0.08;16;7;4;Rikki Tahta;2012;;Thomas;3;cards/currency
426;Trek 12: Himalaya;chaining/once per game abilities/paper and pencil/roll and write;simultaneous;completion/passing;20;abstract;1-7 (4);;1;1;2.9;-0.0;11;6.8;4;Bruno Cathala/Corentin Lebrat;2020;;bga;3;
419;Scrabble;end game boni/hand management/spelling/square grid/tile placement;strict clockwise;running out/passing;60;abstract;2-4 (4);;1;2;2.88;0.01;16;6.3;4;Alfred Mosher Butts;1948;;own;20;board/tiles
428;TomaToss;0;0;0;0;0;0;0;0;0;2.85;0;1;0;0;0;0;0;0;0;0
452;LUZ;deduction/trick taking;stat based;fixed turns;30;abstract;3-5 (4);;2;2;2.84;-0.13;4;7.1;4;Taiki Shinzawa;2024;;bga;3;
449;Take 5;hand management/score and reset/simultaneous action selection;simultaneous;overshooting;15;abstract;2-10 (5);;1;1;2.84;-0.02;16;7;4;Wolfgang Kramer;1994;;own;60;cards
463;61 Feuilles d'automne;bingo/paper and pencil/race/roll and write;simultaneous;race;20;autumn/abstract;2-10 (4);;1;1;2.83;-0.57;2;6.5;5;Theo Riviere;2022;;bga;2;
376;Concept;deduction/communication limits/give a clue, get a clue;strict clockwise;fixed turns;40;abstract;4-12 (6);;1;4;2.83;0.06;16;6.8;4;Gaetan Beacujannot/Alain Rivollet;2013;;bga;1;
430;ito;0;0;0;0;0;0;0;0;0;2.81;0;1;0;0;0;0;0;0;0;0
431;Komm zum Punkt;0;0;0;0;0;0;0;0;0;2.8;0;1;0;0;0;0;0;0;0;0
435;Mysterium;communication limits/deduction/finale ending/give a clue, get a clue/hand management/image interpretation/pattern recognition/storytelling/voting;simultaneous;fixed turns;45;detectives;2-7 (6);;2;4;2.79;-0.0;16;7.2;4;Oleksandr Nevskiy/Oleg Sidorenko;2015;;Philipp F.;1;
469;Battle Sheep;enclosure/grid movement/hex grid/modular board;strict clockwise;condition;15;sheep/abstract;2-4 (4);;1;4;2.77;-0.61;2;6.6;5;Francesco Rotta;2010;;bga;3;
462;Jurassic Snack;grid movement/square grid;strict clockwise;condition;15;dinosaur/abstract;2;;1;3;2.77;-0.5;2;6.5;5;Bruno Cathala;2018;;bga;1;
434;Collect!;0;0;0;0;0;0;0;0;0;2.75;0;1;0;0;0;0;0;0;0;0
511;Line-it;closed drafting/contracts/ordering;progressive;condition;20;abstract;2-4 (2);;1;1;2.73;-0.13;11;5.8;4;Tim Juretzki;2023;;bga;3;
429;Ubongo;grid coverage/pattern building/real time/set collection;simultaneous;fixed turns;25;abstract;2-4 (4);;1;1;2.73;0.05;3;6.7;4;Grzegorz Rejchtman;2003;;bga;1;
467;Stadt/Land/Fluss;paper and pencil;simultaneous;fixed turns;15;abstract;2+ (6);;1;2;2.71;-0.04;13;5.3;4;unknown;1950;;diverse;50;writing sheet/pens
466;BANG! The Dice Game;hidden roles/kill steal/player elimination/push your luck/re-rolling and locking/take that/variable player powers;strict clockwise;player elimination;15;wildwest;3-8 (7);T;1;4;2.7;-0.03;16;6.5;4;Michael Palm/Lukas Zach;2013;;Calvin;1;custom D6/tokens/cards
439;Super Mega Lucky Box;bingo/flip and write/paper and pencil/pattern building;simultaneous;fixed turns;15;casino;1-6 (4);;1;1;2.7;-0.0;16;7.1;4;Phil Walker-Harding;2021;;bga;10;player boards/cards/tokens
437;20 Questions;0;0;0;0;0;0;0;0;0;2.7;0;1;0;0;0;0;0;0;0;0
442;Mountain Goats;king of the hill/random move/set collection/track movement;strict clockwise;condition;20;animals/goats;2-4 (4);;1;2;2.69;-0.01;12;6.8;4;Stefan Risthaus;2010;;bga;5;
460;SETUP;connection/hand management/set collection/tile placement;strict clockwise;race;25;abstract;2-4 (4);(T);1;2;2.68;-0.36;2;6.1;4;Jacob Berg;2023;;bga;4;board/tiles
457;Make 'n' Break;dexterity/pattern building/stacking and balancing;strict clockwise;race;30;abstract;2-4 (2);;1;1;2.68;-0.02;16;6;4;Jack Lawson/Andrew Lawson;2004;;own;5;building bricks
438;Cat Cafe;0;0;0;0;0;0;0;0;0;2.68;0;1;0;0;0;0;0;0;0;0
537;Skull;auction/bids as wager/bluffing/hand management/player elimination;pass order;race/player elimination;20;abstract;3-6 (6);;1;3;2.66;-0.11;16;7.2;4;Herve Marly;2011;;Philipp F.;10;cards
391;Piraten Kapern;push your luck/re-rolling and locking/set collection;strict clockwise;race;20;pirates;2-5 (3);;1;1;2.62;0.07;14;6.3;4;Haim Shafir;2012;;bga;2;custom D6
399;Ligretto;ordering/pattern building/real time/speed matching;simultaneous;fixed turns;10;abstract;2-4 (4);;1;3;2.61;0.05;16;6.2;4;Michael Michaels;1988;;own;10;cards
417;Spots;action drafting/contracts/push your luck/re-rolling and locking/set collection/variable set-up;strict clockwise;race;25;dogs;2-4 (2);;1;1;2.58;0.04;11;7.2;3;Alex Hague/Jon Perry/Justin Vickers;2022;;bga;3;
425;Similo;communication limits/deduction/score and reset game/voting;simultaneous;condition;15;abstract;2-6 (3);C;1;4;2.58;0.32;2;6.8;3;Martino Chiacchiera/Hjalmar Hach/Pierluca Zizzi;2019;;bga;3;cards
505;Abalone;grid movement/hex grid/slide/static capture;strict clockwise;;30;abstract;2;;1;3;2.57;-0.07;16;6.5;4;Michel Lalet/Laurent Levi;1987;;own;5;board/marbles
475;Fairy Trails;map addition/network and route building/race/tile placement;strict clockwise;race;20;elves;2;;1;2;2.56;-0.25;3;6.1;5;Uwe Rosenberg;2020;;bga;1;
445;Carla Cat;dexterity/pattern recognition;strict clockwise;fixed turns;15;abstract;4-8 (5);1 vs. X;1;3;2.55;0.0;14;5.7;4;Susanne Kummer;1955;;diverse;20;tokens on string/cup/D6
474;Flaming Pyramids;hand management/push your luck/race/take that/tile placement;strict clockwise;race;15;abstract;2-6 (4);;1;3;2.54;-0.12;5;5.3;4;Norbert Abel;2018;;bga;3;
483;BANG!;hand management/hidden roles/hot potato/kill steal/player elimination/take that/variable player powers;strict clockwise;player elimination;40;wildwest;4-7 (7);T;1;4;2.54;-0.04;16;6.5;4;Emiliano Sciarra;2002;;Guenter;5;cards/tokens
448;Ipso;0;0;0;0;0;0;0;0;0;2.51;0;1;0;0;0;0;0;0;0;0
432;Belratti;communication limits;simultaneous;fixed turns;25;art;3-7 (6);C;1;3;2.46;0.05;7;7.1;3;Michael Loth;2018;;uni game night;1;
455;Knister;bingo/roll and write;simultaneous;fixed turns;10;abstract;1-5 (4);;1;1;2.45;-0.01;10;6.3;3;Heinz Wuppen;2007;;bga;2;
470;Farkle;paper and pencil/push your luck/re-rolling and locking/set collection;strict clockwise;race;20;abstract;2+ (2);;1;1;2.44;-0.02;16;5.6;3;unknown;1930;;own;700;D6
488;Diced Veggies;contracts/hand management/open drafting/set collection/tags;strict clockwise;condition;30;food;2-4 (3);;1;1;2.42;-0.14;5;7;4;Josh Cappel/Jory Cappel/Rowan Cappel;2023;;bga;3;
468;Ptit Pois;hand management/push your luck;strict clockwise;running out;15;abstract;2-6 (3);;1;2;2.38;-0.05;5;6.1;3;Thomas Favreliere/Alex Fortineau/Simon Moulard;2025;;bga;3;
492;Martian Dice;push your luck/re-rolling and locking/set collection;progressive;race;10;sciencefiction;2+ (3);;1;1;2.35;-0.04;16;6.1;3;Scott Almes;2011;;bga;8;custom D6
546;Schrdinger's Cats;bluffing/once per game abilities/player elimination;stat based;player elimination;15;cats;2-6 (3);;1;3;2.34;-0.1;16;5.8;3;Heather O'Neill/Christopher O'Neill/Adriel Wilson;2015;;Mika;8;board/cards
506;SET;pattern recognition/real time/speed matching;simultaneous;running out;30;abstract;2+ (3);;1;2;2.33;-0.05;16;6.5;3;Marsha J. Falco;1988;;own;15;cards
444;Checkers;grid movement/pattern movement/square grid/static capture;;player elimination;15;abstract;2;;2;3;2.33;0.02;16;4.9;3;unknown;1150;;diverse;25;board/tokens
473;Shifting Stones;contracts/grid movement/hand management/pattern building/pattern recognition/square grid;strict clockwise;condition;20;abstract;1-4 (2);;1;3;2.3;-0.02;13;6.5;3;J. Evan Raitt;2020;;bga;5;board/tiles/cards
421;Splitter;pattern building/roll and write;simultaneous;fixed turns;10;abstract;2+ (2);;1;1;2.3;0.08;9;6.3;3;Stefan Nikolic;2021;;bga;3;
461;Tally Up;0;0;0;0;0;0;0;0;0;2.29;0;1;0;0;0;0;0;0;0;0
412;Wavelength;targeted clues;strict clockwise;race;45;abstract;4-12 (6);T;1;4;2.28;0.12;8;7.2;3;Alex Hague/Wolfgang Warsch/Justin Vickers;2019;;Simon;5;
465;Backgammon;betting/random move/score and reset/static capture/track movement;strict clockwise;race;15;abstract;2;;1;2;2.25;-0.0;16;6.6;3;unknown;-3000;;own;200;board/meeple/D6
447;Quantik;pattern building/square grid;strict clockwise;;20;abstract;2;;1;2;2.25;0.02;14;6;3;Nouri Khalifa;2019;;bga;1;player boards/tokens
416;Yahtzee;paper and pencil/push your luck/re-rolling and locking/set collection;strict clockwise;completion;20;abstract;2+ (2);;1;1;2.23;0.05;16;5.5;3;Edwin S. Lowe;1956;;diverse;1500;D6/writing sheet/pencil
482;Strike;player elimination/push your luck;strict clockwise;player elimination;10;abstract;2-5 (4);;1;1;2.22;-0.02;16;7;3;Dieter Nussle;2012;;uni game night;8;D6/game box
415;Hues and Cues;communication limits/deduction/give a clue, get a clue/score and reset/targeted clues;progressive;fixed turns;30;abstract;3-10 (7);;1;3;2.2;0.1;10;6.6;3;Scott Brady;2020;;Jannis;1;
582;DOG;hand management/movement points/take that/track movement;progressive;race;45;abstract;2-6 (4);;1;2;2.15;-0.13;16;6.3;3;unknown;1997;Black DOG/Agent DOG;uni game night;3;board/meeple/cards
490;Spot it!;pattern recognition/hot potato/speed matching;simultaneous;running out;15;abstract;2+ (3);;1;2;2.15;-0.02;16;6.6;3;Denis Blanchot/Jacques Cottereau/Guillaume Gille-Naves/Igor Polouchine;2009;;Mika;3;cards
495;Oxono;pattern building/square grid;strict clockwise;;15;abstract;2;;1;3;2.14;-0.03;14;6.2;3;Jeremy Partinico;2024;;bga;4;board/tiles
450;GOLD;memory;strict clockwise;condition;10;wildwest;2-5 (3);;1;3;2.14;0.04;9;6.7;3;Reiner Knizia;2020;;Mika;10;
485;Bandido;network and route building/tile placement;strict clockwise;running out;10;criminals;1-4 (2);C;1;2;2.13;-0.03;10;6.4;3;Martin Nedergaard Andersen;2016;;bga;1;
524;Blackjack;betting/gambling/push your luck;simultaneous;fixed turns;10;abstract;2-10 (4);;1;1;2.12;-0.07;14;4.8;3;unknown;1700;;diverse;50;english deck (2 to A)/currency
504;Can't Stop Express;roll and write;simultaneous;condition;30;abstract;2+ (2);;1;1;2.06;-0.03;15;6.1;3;Sid Sackson;1989;;bga;11;D6/writing sheet/pencil
520;Bunny Drops;open drafting/race/square grid;strict clockwise;race;15;bunnies;2-4 (2);;1;2;2.05;-0.37;3;5;3;Megan Staley;2024;;bga;1;cards
512;DIG UP Adventure;pattern building/race/take that;strict clockwise;condition;20;mine;2-4 (3);;1;3;2.04;-0.6;2;5.2;4;Babel Dread;2022;;bga;2;
476;Dice Mission;0;0;0;0;0;0;0;0;0;2.04;0;1;0;0;0;0;0;0;0;0
477;Castles of Caleira;0;0;0;0;0;0;0;0;0;2.03;0;1;0;0;0;0;0;0;0;0
525;Golfie;matching/simultaneous action selection;strict clockwise;fixed turns;15;golf;1-8 (2);;1;1;2.02;-0.26;4;6.3;3;Jimmy Dorion;2024;;bga;5;
494;Perudo;bluffing/player elimination;stat based;player elimination;15;abstract;2-6 (6);;1;3;2.01;-0.02;14;6.9;3;unknown;1800;;diverse;3;D6
478;Crisps!;0;0;0;0;0;0;0;0;0;2.01;0;1;0;0;0;0;0;0;0;0
578;Fractal;hex grid/pattern building/pattern recognition/tile placement;strict clockwise;sudden death;45;abstract;2;;1;3;1.99;-0.12;15;5.1;3;Mark Steere;2010;;bga;1;board/tiles
479;Pyramid Poker;0;0;0;0;0;0;0;0;0;1.99;0;1;0;0;0;0;0;0;0;0
531;Mia;bluffing/player elimination;strict clockwise;player elimination;20;abstract;2+ (6);;1;4;1.98;-0.06;16;5.9;3;unknown;600;;diverse;35;D6
454;Nanatoridori;hand management/ladder climbing/player elimination/single loser;stat based;player elimination;10;birds;2-6 (4);;1;1;1.98;0.05;10;6.8;3;Toshiki Arao;2023;;bga;5;
517;Blitz;hand management/memory/player elimination/set collection;stat based;player elimination;30;abstract;3-10 (5);;1;2;1.97;-0.04;16;5.5;3;unknown;1900;;diverse;20;french deck (7 to A)
498;Slide;set collection/slide;progressive;completion;15;abstract;2-6 (5);;1;1;1.96;-0.03;11;6.1;3;Claude Clement;2024;;bga;8;
422;Trio;matching/memory/question and answers/set collection;strict clockwise;race;15;abstract;2-5 (4);;1;2;1.96;0.07;16;7.3;3;Kaya Miyano;2021;;Stefan;10;cards
522;Booty Dice;die icon resolution/king of the hill/player elimination/push your luck/race/re-rolling and locking;strict clockwise;player elimination/race;20;pirates;3-6 (4);;1;2;1.92;-0.32;3;5.9;3;Eric Olsen;2023;;bga;5;
545;Tic Tac Match;matching/pattern building;strict clockwise;;5;abstract;2/4 (2);;1;2;1.92;-0.1;11;4.4;3;Larry Ashlock;2020;;bga;2;
451;Halli Galli;pattern recognition/player elimination;simultaneous;player elimination;10;food/abstract;2-4 (2);;1;3;1.88;0.04;16;5.8;3;Haim Shafir;1990;Halli Galli Junior;own;80;cards/bell
500;Linx;rock-paper-scissors/tile placement/square grid;strict clockwise;;10;abstract;2;;1;3;1.87;-0.01;16;5.6;3;Fabrice Puleo;2024;;bga;3;tokens
510;Connect Four;pattern building/square grid;strict clockwise;fixed turns/sudden death;10;abstract;2;;1;2;1.85;-0.03;16;5;3;Ned Strongin/Howard Wexler;1974;;own;100;tokens
583;Munchkin;hand management/take that/variable player powers;strict clockwise;race;90;fantasy/dungeoncrawler;3-6 (4);;1;2;1.83;-0.13;13;5.9;3;Steve Jackson;2001;;Jannis;1;cards
499;Tranquility;communication limits/hand management/tile placement;strict clockwise;completion;15;abstract;1-4 (2);C;1;1;1.82;-0.08;3;6.9;3;James Emmerson;2020;;bga;3;
491;Memory;memory/set collection;strict clockwise;running out;30;abstract;2-4 (2);;1;2;1.81;-0.0;16;4.8;3;unknown;1959;;own;200;cards
523;Roll'n Bump;ladder climbing;strict clockwise;running out;20;abstract;2-4 (5);;1;2;1.79;-0.27;3;6.2;3;Louis-Nicolas Dozois;2011;;bga;1;cards/dice
486;Deception: Murder in Hong Kong;communication limits/deduction/events/finale ending/give a clue, get a clue/hidden roles/storytelling/variable player powers;simultaneous;fixed turns;20;spies;4-12 (8);T;2;5;1.78;0.01;16;7.4;3;Tobey Ho;2014;;Stefan, Aiman;12;cards/tokens
480;Lucky Numbers;tile placement;strict clockwise;completion;20;abstract;2-4 (2);;1;2;1.78;0.01;16;6.4;3;Michael Schacht;2012;;bga;12;player boards,tiles
508;Cabo;hand management/memory;stat based;overshooting;30;abstract;2-5 (3);;1;3;1.77;-0.02;16;7.1;3;Mandy Henning/Melissa Limes;2010;;own;40;cards
535;Tumblin' Monkeys;dexterity/physical removal;strict clockwise;running out;15;jungle;2-4 (2);;1;2;1.73;-0.06;13;5.5;3;Garrett J. Donner/Roger Ford/Craig V. McKee/Michael S. Steer;1999;;KoZ;3;monkey tower
519;Catan Dice Game;paper and pencil/set collection;strict clockwise;fixed turns;10;expansion;1-4 (2);;1;1;1.71;-0.03;16;5.7;3;Klaus Teuber;2007;;own;20;custom D6/writing sheet/pencils
481;Double Down;player elimination/take that;strict clockwise;player elimination;30;abstract;2-8 (5);;1;1;1.71;0.02;14;5.6;3;Thomas Pauli;1993;;Opa;10;cards
423;The Gang;predictive bid;simultaneous;fixed turns;20;poker/criminals;3-6 (5);C;1;2;1.69;0.16;9;7.6;2;John Cooper/Kory Heath;2024;;Stefan;3;
521;Tacta;area majority/connections/enclosure/layering/matching/tile placement/tug of war/variable set-up;;running out;20;abstract;2-6 (4);;1;3;1.68;-0.39;2;6.7;3;Jason Tremblay;2025;;bga;3;cards
501;Mega Jackpot;betting/bingo/push your luck;strict clockwise;;10;casino;2-4 (3);;1;1;1.58;0.0;15;5.4;3;Erwan Morin/Yann Morin;2024;;bga;1;spinners/cards
539;UNO;hand management/lose a turn/matching/take that;strict clockwise;race;10;abstract;2-8 (4);;1;2;1.56;-0.04;16;5.5;3;Merle Robbins;1971;Solo/Frantic;diverse;1000;cards
532;One Night Ultimate Werewolf;hidden roles/role playing/roles with asymmetric information/variable player powers/voting;strict clockwise;fixed turns;10;monster;4-10 (8);T;1;4;1.51;-0.03;16;7.1;3;Ted Alspach/Akihisa Okui;2014;;uni game night;12;cards/tokens
538;Diceathlon;paper and pencil;progressive;running out;30;abstract;2+ (2);;1;1;1.47;-0.15;4;5.2;3;Chris Heaney;2022;;bga;3;
484;The Game;communication limits/hand management;strict clockwise;condition;20;abstract;1-5 (3);C;1;3;1.46;0.03;16;6.7;2;Steffen Benndorf;1987;;own;15;cards
503;Nine Men's Morris;pattern building/point to point movement;strict clockwise;;10;abstract;2;;1;3;1.44;0.01;16;5.4;2;unknown;-1400;;diverse;20;board/tokens
513;Mango;0;0;0;0;0;0;0;0;0;1.42;0;1;0;0;0;0;0;0;0;0
514;Trellis;0;0;0;0;0;0;0;0;0;1.41;0;1;0;0;0;0;0;0;0;0
534;Dozito;chaining/grid movement/set collection;strict clockwise;fixed turns;10;abstract;2-4 (2);;1;2;1.4;-0.33;2;5.4;3;Alex Fortineau/Simon Moulard;2026;;bga;1;cards
518;Mooncake Master;0;0;0;0;0;0;0;0;0;1.34;0;1;0;0;0;0;0;0;0;0
515;Mafia de Cuba;deduction/hidden roles/player elimination/role playing/variable player powers;;player elimination;20;mafia/Cuba;6-12 (9);T;1;4;1.33;0.01;10;6.5;2;Philippe des Pallieres/Lois Lamy;2015;;Calvin;4;
528;That's Life!;map reduction/modular board/random move;strict clockwise;race;30;abstract;2-6 (4);;1;1;1.32;-0.07;3;6.5;2;Michael Kiesling/Wolfgang Kramer;2005;;bga;3;0
509;L.L.A.M.A.;hand management/ladder climbing/matching/push your luck;strict clockwise;overshooting;20;abstract;2-6 (4);;1;2;1.3;0.01;16;6.5;2;Reiner Knizia;2019;;bga;3;cards
542;Labyrinth;map deformation/network and route building/point to point movement/square grid/tile placement;strict clockwise;race;20;fairytales;2-4 (4);;1;2;1.23;-0.02;16;6.4;2;Max J. Kobbert;1986;;own;50;cards/tiles
497;Operation;dexterity/physical removal;strict clockwise;race;10;medical operation;2-5 (3);;1;1;1.22;0.24;3;4.2;2;Marvin Glass/John Spinello;1965;;diverse;8;
560;Robots Ate Our Pizza;closed drafting/communication limits/set collection;simultaneous;fixed turns;20;robots/abstract;3-6 (3);;1;2;1.21;-0.58;2;4.6;3;Steve Donoho;2021;;bga;1;cards
526;Whist 22;0;0;0;0;0;0;0;0;0;1.21;0;1;0;0;0;0;0;0;0;0
557;Traitors Aboard;alliances/hidden roles/player elimination/role playing/take that/traitor game;strict clockwise;player elimination/call;20;pirates;4-7 (7);T;1;4;1.2;-0.09;7;6.8;2;Jean-Xia Chou;2023;;uni game night;7;
553;I am done;hand management/race;strict clockwise;race;15;abstract;3-5 (4);;1;3;1.17;-0.21;3;6.6;2;Marco Teubner;2024;;Jannis;2;cards
544;Qwirkle;hand management/pattern building/square grid/tile placement;strict clockwise;running out;45;abstract;2-4 (3);;1;1;1.1;-0.01;16;6.8;2;Susan McKinley Ross;2006;;own;70;tiles
507;Elfer raus!;hand management;strict clockwise;race;30;abstract;2-6 (3);;1;1;1.1;0.03;14;5.2;2;unknown;1925;;Opa;10;cards
576;Malefiz;random move/static capture/track movement;strict clockwise;race;60;abstract;2-4 (4);;1;2;1.09;-0.15;6;5.4;2;Werner Schoppner;1960;;diverse;20;
496;Guess Who?;deduction/question and answers;strict clockwise;race;10;abstract;2;;1;2;1.09;0.05;13;4.8;2;Theo Coster/Ora Coster;1979;;diverse;10;sheets/pencils
559;Roll to the Top!;bingo/roll and write;simultaneous;race;15;abstract;2+ (2);;1;1;1.06;-0.05;10;6.8;2;Peter Joustra/Corne van Moorsel;2018;;bga;3;
552;Pentaquest;push your luck/re-rolling and locking;strict clockwise;race;10;abstract;1-8 (1);;1;1;1.05;-0.09;4;5.7;2;Lucio Gozzi;2022;;bga;1;dice/cards
516;Die Kutschfahrt zur Teufelsburg;bluffing/deduction/hidden roles;strict clockwise;active quitting;30;medieval;3-10 (8);T;2;4;1.03;0.02;15;6.6;2;Michael Palm/Lukas Zach;2006;;;2;cards
529;Sausage Sizzle!;paper and pencil/re-rolling and locking/roll and write(set collection;strict clockwise;completion;15;aliens;2-5 (2);;1;1;1.03;0.12;2;6.5;2;Inka Brand/Markus Brand;2012;;bga;3;
564;Do De Li Do;dexterity/player elimination;strict clockwise;player elimination;10;animals;2-6 (4);;1;1;1.02;-0.05;11;6.5;2;Jacques Zeimet;2016;;Mika;1;
550;Takenokolor;drawing/end game boni/multiple maps/open drafting/paper and pencil/race/variable set-up;simultaneous;race;25;abstract;2-4 (3);;1;1;1.01;-0.1;3;5.7;2;Antoine Bauza/Corentin Lebrat;2024;;bga;3;
558;Just Desserts;contracts/open drafting/pattern recognition/race/set collection;strict clockwise;race;25;desserts;2-5 (3);;1;1;1.01;-0.08;5;5.8;2;Andrew Looney;2015;;bga;3;0
541;The Mind;communication limits;strict clockwise;fixed turns;10;abstract;2-4 (4);C;1;2;0.99;-0.0;13;6.8;2;Wolfgang Warsch;2018;;;1;cards
536;Vizia;tile placement;strict clockwise;running out;20;abstract;2-4 (2);;1;2;0.99;0.04;2;5.8;2;Pierre Bourque;2011;;bga;2;
562;Human Punishment: Social Deduction 2.0;bluffing/hidden roles/take that/traitor game/variable player powers;strict clockwise;player elimination;60;cyberpunk;4-9 (6);T;2;4;0.95;-0.07;6;7.3;2;Stefan Godot;2018;;Thomas;2;cards/boards
530;Boxes;enclosure/paper and pencil;;condition;10;abstract;2;;1;3;0.94;0.02;14;4.7;2;Edouard Lucas;1889;;diverse;10;sheets/pencils
581;Color Flush;hand management;strict clockwise;race;20;abstract;3-6 (3);;1;3;0.93;-0.33;3;4.7;2;Vivien Roeltgen;2023;;;3;
567;Rummikub;set collection/tile placement;strict clockwise;running out;30;abstract;2-4 (2);;1;2;0.93;-0.03;16;6.5;2;Ephraim Hertzano;1977;;own;100;tiles
551;Pick Up Sticks;dexterity/physical removal/push your luck/set collection/take that;strict clockwise;condition;10;abstract;2-6 (3);;1;3;0.93;-0.01;16;4.3;2;unknown;1850;;diverse;40;sticks
549;Shut the Box;;strict clockwise;overshooting;10;abstract;2+ (2);;1;1;0.93;-0.01;8;5.2;2;unknown;1750;;diverse;60;
533;Nosferatu;hand management/hidden roles/push your luck/traitor game;strict clockwise;condition;;horror;5-8 (7);;2;5;0.93;0.01;16;6.6;2;Pierre Yves Lebeau;2013;;;5;cards
561;Scum: The Food Chain Game;ladder climbing;stat based;race;20;abstract;4-8 (5);;1;1;0.9;-0.28;2;5.7;2;unknown;1996;;diverse;30;standard card deck (32)
502;Mastermind;deduction/give a clue, get a clue;strict clockwise;condition;10;abstract;2;;1;1;0.85;0.05;16;5.6;1;Mordecai Meirowitz;1971;;own;35;board/tokens/screen
547;Fluxx;0;0;0;0;0;0;0;0;0;0.85;0;1;0;0;0;0;0;0;0;0
590;Ludo;random move/static capture/take that/track movement;strict clockwise;race;30;abstract;2-4 (4);;1;2;0.84;-0.05;15;4.5;2;unknown;1896;;own;400;board/meeple/D6
548;Ultimate Tic-Tac-Toe;0;0;0;0;0;0;0;0;0;0.84;0;1;0;0;0;0;0;0;0;0
587;Saboteur;hand management/hidden roles/network and route building/take that/traitor game;strict clockwise;fixed turns;45;fantasy/dwarfs;4-11 (8);T;2;4;0.82;-0.04;16;6.5;1;Frederic Moyersoen;2004;;own;20;cards
569;Kings in the Corner;hand management;strict clockwise;race;30;abstract;2-4 (2);;1;2;0.81;-0.05;8;5.2;1;unknown;1996;;bga;1;cards
586;Dragonology: The Game;pick-up and deliver/point to point movement/rock-paper-scissors/random move/set collection/trading;strict clockwise;race;60;fantasycreatures;2-6 (3);;1;3;0.81;-0.04;16;4.6;2;unknown;2006;;own;50;board/miniatures/cards/D12
543;Funny Bunny;random move;strict clockwise;race;15;animals;2-4 (4);;1;2;0.76;0.01;16;5.5;1;unknown;1999;;own;40;board/meeple
540;Skip-Bo;hand management;strict clockwise;race;15;abstract;2-6 (4);;1;1;0.74;0.02;16;5.6;1;Hazel Bowman;1967;;own;15;cards
527;Numbers Up;memory;solo;timer;10;abstract;1;S;1;1;0.67;0.04;15;5.1;1;unknown;1975;;Oma;10;clock/tokens
568;Skyjo;hand management;strict clockwise;condtition;25;abstract;2-8 (3);;1;1;0.66;-0.01;16;6.7;1;Alexander Bernhardt;2015;;own;30;cards
584;Monster Smash;player elimination;strict clockwise;player elimination;20;monster;2-4 (4);;1;3;0.64;-0.21;3;4.6;2;Feri Gonzalez;2024;;bga;2;
579;Nope!;hand management/player elimination;strict clockwise;player elimination;5;abstract;2-6 (3);;1;3;0.64;-0.02;16;5.8;1;unknown;2019;;own;30;cards
573;Kmakici Family's Greatest Teatime;set collection;strict clockwise;race;15;stuffed animals/abstract;2-5 (3);;1;1;0.63;-0.21;2;3.1;1;Yupica;0;0;0;0;0
563;Baby Dinosaur Rescue;random move;strict clockwise;race;15;dinosaurs;2-4 (2);C;1;1;0.62;-0.0;11;5;1;Douglas Beech;2019;;bga;1;
555;The Resistance;finale ending/hidden roles/memory/simultaneous action selection/traitor game/voting;progressive;condition/fixed turns;40;medieval/spies;5-10 (8);T;2;5;0.62;0.01;16;7.5;1;Don Eskridge;2012;The Resistance: Avalon;uni game night;5;cards/tokens
554;That's Not a Hat;bluffing/memory;strict clockwise;player elimination;15;abstract;4-8 (5);;1;4;0.62;0.04;4;7;1;Kasper Lapp;2023;;uni game night;2;
577;Ninety-Nine;hand management;strict clockwise;;20;abstract;3-6 (4);;1;2;0.6;-0.13;3;4.8;1;unknown;;;bga;3;cards
566;Pugs in Mugs;0;0;0;0;0;0;0;0;0;0.54;0;1;0;0;0;0;0;0;0;0
589;Trap the Cap;random move;strict clockwise;race;30;abstract;2-6 (4);;1;2;0.52;-0.06;7;5;1;C. A. N. Neves;1927;;own;10;
556;Tic-Tac-Toe;paper and pencil/pattern building/square grid;strict clockwise;condition;1;abstract;2;;1;2;0.51;0.01;16;2.7;1;unknown;-1300;;diverse;30;writing sheet/pen
570;Battleship;deduction/paper and pencil/player elimination/secret unit deployment;strict clockwise;player elimination;10;war;2;;1;2;0.5;-0.0;16;4.7;1;Clifford von Wickler;1931;;diverse;50;sheets/pencils
585;Clue;deduction/grid movement/memory/random move/square grid;strict clockwise;race;45;detektives;3-6 (4);;1;2;0.49;-0.02;16;5.7;1;Anthony E. Pratt;1949;;own;10;board/meeple/D6/cards
580;Exploding Kittens;hot potato/player elimination/push your luck/set collection/take that;strict clockwise;player elimination;10;cats;2-5 (4);;1;3;0.48;-0.01;16;6.1;1;Matthew Inman/Elan Lee/Shane Small;2015;;Sherwin;10;cards
592;Chromino;open drafting/tile placement;strict clockwise;race;30;abstract;1-8 (3);;1;1;0.43;-0.03;14;5.5;1;Louis Abraham;2001;;bga;4;tiles
575;Cards Against Humanity;hand management/player judge/simultaneous action selection;strict clockwise;variable;30;humour;4-10 (7);;1;5;0.37;0.01;3;5.7;1;Josh Dillon/Daniel Dranove/Eli Halpern/Ben Hantoot/David Munk/David Pinsof/Max Temkin/Eliot Weinstein;2009;;diverse;10;0
572;Monster Factory;tile placement;strict clockwise;running out;20;monster;2-6 (3);;1;1;0.37;0.07;2;5.8;1;Nina Paley/Donald X. Vaccarino;2012;;bga;2;tiles
565;The Game of Life;income/random move/track movement;strict clockwise;race;60;life;2-6 (2);;1;1;0.36;0.01;16;4.3;1;Reuben Klamer/Bill Markham;1960;;own;20;board/meeple/spinner/currency
571;Bloxo;tile placement;strict clockwise;running out;15;abstract;2-4 (2);;1;2;0.36;0.05;3;5.4;1;unknown;2023;;bga;5;
574;Werewolf;hidden roles/player elimination/traitor game;stat based;condtition/player elimination;30;horror;5+ (8);T;1;5;0.34;0.0;16;6.5;1;Dimitry Davidoff;1986;;diverse;100;cards
588;Old Maid;hand management/hot potato/set collection;strict clockwise;running out;10;abstract;3-6 (4);;1;2;0.33;-0.01;16;3.7;1;unknown;1874;;diverse;15;cards
596;Phase 10;set collection;strict clockwise;race;45;abstract;2-6 (3);;1;1;0.2;-0.01;16;5.2;1;Ken Johnson;1982;;own;50;cards/writing sheet/pen
593;Chutes and Ladders;random move/track movement;strict clockwise;race;30;abstract;2+ (2);;1;1;0.18;-0.01;15;2.9;1;unknown;-200;;diverse;30;board/meeple/D6
595;Secret Hitler;hidden roles/player elimination/traitor game/voting;progressive;condition/player elimination;40;nationalsocialism;5-10 (7);T;1;5;0.16;-0.01;16;7.5;1;Mike Boxleiter/Tommy Maranges/Max Temkin;2016;;uni game night;50;boards/cards
591;Black Stories;storytelling;variable;variable;20;crime;3-11 (5);(C);1;5;0.13;-0.0;3;6;1;Holger Bosch;2004;;own;10;cards
594;Monopoly;events/income/loans/lose a turn/random move/player elimination/set collection/track movement/trading;strict clockwise;player elimination;120;finance;2-6 (3);;1;2;0.08;-0.0;16;4.4;1;Elizabeth J. Magie;1935;;own;100;board/meeple/cards/D6/currency
597;Twister;dexterity/player elimination;strict clockwise;player elimination;10;abstract;2-4 (2);;1;5;0.03;-0.0;14;4.6;1;Chuck Foley/Reyn Guyer/Neil W. Rabens;1966;;diverse;5;mat/spinner
